theta_rad,theta_deg,viscosity_ratio,Q,log_c,c,force_intercept,slope_expected,slope_fitted,slope_relative_error,plateau_standard_deviation,plateau_half_drift,fit_lower,fit_upper,inner_radius,outer_radius,radial_cells,angular_cells_a,angular_cells_b,velocity_dofs,pressure_dofs,interface_constraints,linear_system_backward_error,constraint_relative_error,generator_version,generator_source_sha256,mesh_delta_Q,inner_radius_delta_Q,outer_radius_delta_Q,fit_window_delta_Q,plateau_half_drift_Q,max_linear_system_backward_error,max_constraint_relative_error,estimated_error_Q,log10_viscosity_ratio,converged
0.5235987755982988,30,0.01,-0.699271391059302,1.0061242104993566,2.7349802386718935,-9.413763985253217,5.539882584255602,5.5399036585217285,3.8040997811794597e-06,0.0001626266353639945,7.129613457301787e-05,100000.0,10000000.0,1e-08,100000000.0,480,7,35,165292,21164,2877,4.0634467287299906e-17,1.242707331336386e-18,2,42ea7877e84194059c00d9b0c56c2023ddad868c25049e9d1245c92b0ad95cc1,0.0001499841233714161,2.723060139597777e-07,1.5939610653603609e-07,7.570738157314238e-05,1.2869611131405952e-05,7.313395879115721e-17,1.242707331336386e-18,0.0001499841233714161,-2,True
0.5235987755982988,30,0.01333521432163324,-0.698533674830814,1.0053864942708686,2.7329633434048866,-9.421142916956454,5.546632990891315,5.546654180358266,3.820239591556529e-06,0.00016282500407039784,7.170007571133397e-05,100000.0,10000000.0,1e-08,100000000.0,480,7,35,165292,21164,2877,1.2584059136094915e-16,2.4181324800556656e-18,2,42ea7877e84194059c00d9b0c56c2023ddad868c25049e9d1245c92b0ad95cc1,0.00015021326929542944,2.729745920415638e-07,1.5888765170224417e-07,7.564315036368008e-05,1.2926774825210157e-05,1.2584059136094915e-16,2.4483472169411987e-18,0.00015021326929542944,-1.875,True
0.5235987755982988,30,0.01778279410038923,-0.6975530280259947,1.0044058474660493,2.730284585306946,-9.430971246145404,5.555626887904786,5.555648230765982,3.841665688897322e-06,0.0001630893954833614,7.223783518206517e-05,100000.0,10000000.0,1e-08,100000000.0,480,7,35,165292,21164,2877,3.243168474723568e-17,1.2395559298684548e-18,2,42ea7877e84194059c00d9b0c56c2023ddad868c25049e9d1245c92b0ad95cc1,0.00015051820084832634,2.739593669698337e-07,1.5819584908705053e-07,7.555789764746024e-05,1.3002643381133985e-05,5.674917676019795e-17,1.2395559298684548e-18,0.00015051820084832634,-1.75,True
0.5235987755982988,30,0.03162277660168379,-0.6945239768265055,1.00137679626656,2.7220269262586694,-9.461470169485363,5.583556384492563,5.583578205614083,3.908104444061422e-06,0.00016391217600475545,7.39147367241344e-05,100000.0,10000000.0,1e-08,100000000.0,480,7,35,165292,21164,2877,4.844693810791195e-17,1.2340058637428326e-18,2,42ea7877e84194059c00d9b0c56c2023ddad868c25049e9d1245c92b0ad95cc1,0.00015146161811974146,2.766768050221913e-07,1.5597956681823177e-07,7.52950723130752e-05,1.3237931460568892e-05,4.844693810791195e-17,5.18247551440237e-18,0.00015146161811974146,-1.5,True
0.5235987755982988,30,0.05623413251903491,-0.6892199655007394,0.996072784940794,2.707627485768192,-9.515389835927564,5.633008151846521,5.633030823568299,4.024798325508172e-06,0.0001653740173572669,7.689700796298382e-05,100000.0,10000000.0,1e-08,100000000.0,480,7,35,165292,21164,2877,3.206395889564848e-17,1.2243035970972104e-18,2,42ea7877e84194059c00d9b0c56c2023ddad868c25049e9d1245c92b0ad95cc1,0.0001531201681146399,2.816038924269293e-07,1.5223161620170345e-07,7.483733765756284e-05,1.36511444489525e-05,4.809062380901748e-17,1.2243035970972104e-18,0.0001531201681146399,-1.25,True
0.5235987755982988,30,0.1,-0.6800386899884536,0.9868915094285082,2.6828817842182437,-9.61028352253632,5.720275122117794,5.720299308066224,4.228109297788052e-06,0.00016797004288819382,8.220610966347408e-05,100000.0,10000000.0,1e-08,100000000.0,480,7,35,165292,21164,2877,5.54040588041667e-17,1.2075604974017193e-18,2,42ea7877e84194059c00d9b0c56c2023ddad868c25049e9d1245c92b0ad95cc1,0.00015601105461660048,2.900408586636871e-07,1.4552564930880862e-07,7.405259388248986e-05,1.4371006273040806e-05,7.122591886201532e-17,1.2075604974017193e-18,0.00015601105461660048,-1,True
0.5235987755982988,30,0.1778279410038923,-0.6644519580192576,0.9713047774593122,2.6413886362772163,-9.775946035206244,5.873372306185323,5.8733991855037555,4.5764710683293686e-06,0.0001725729702332477,9.164897618774148e-05,100000.0,10000000.0,1e-08,100000000.0,480,7,35,165292,21164,2877,4.646216133964201e-17,1.1793014040786728e-18,2,42ea7877e84194059c00d9b0c56c2023ddad868c25049e9d1245c92b0ad95cc1,0.00016097687415816964,3.044539458318951e-07,1.3421279709824319e-07,7.274503047871583e-05,1.5604148930117162e-05,4.646216133964201e-17,1.1793014040786728e-18,0.00016097687415816964,-0.75,True
0.5235987755982988,30,0.31622776601683794,-0.6388140125293422,0.9456668319693968,2.574529584947499,-10.061044667821294,6.139222993519013,6.13925466053087,5.158146542338926e-06,0.00018071186202330396,0.00010843356864853604,100000.0,10000000.0,1e-08,100000000.0,480,7,35,165292,21164,2877,3.732000620227416e-17,1.133346515033926e-18,2,42ea7877e84194059c00d9b0c56c2023ddad868c25049e9d1245c92b0ad95cc1,0.00016930301144046922,3.281340112959441e-07,1.1525409360224614e-07,7.06717903127263e-05,1.766242548332354e-05,4.104747127997884e-17,1.133346515033926e-18,0.00016930301144046922,-0.5,True
0.5235987755982988,30,0.5623413251903491,-0.5986171958511186,0.9054700152911732,2.4730940419454774,-10.539399655425296,6.592822648710482,6.592862782018429,6.087424170964084e-06,0.0001950103365626732,0.00013810961558746726,100000.0,10000000.0,1e-08,100000000.0,480,7,35,165292,21164,2877,3.5161652069953235e-17,1.0629515755407067e-18,2,42ea7877e84194059c00d9b0c56c2023ddad868c25049e9d1245c92b0ad95cc1,0.0001827414603836619,3.647834736497657e-07,8.511232585384221e-08,6.766568091087777e-05,2.094848033178637e-05,3.5161652069953235e-17,9.556344346986278e-18,0.0001827414603836619,-0.25,True
0.5235987755982988,30,1.0,-0.5395227805045968,0.8463755999446514,2.3311823843207655,-11.306767108440608,7.344332446145864,7.344387293829391,7.468028432766616e-06,0.00021975195795689186,0.00018966416337207193,100000.0,10000000.0,1e-08,100000000.0,480,7,35,165292,21164,2877,6.42144886120558e-17,9.64417493333892e-19,2,42ea7877e84194059c00d9b0c56c2023ddad868c25049e9d1245c92b0ad95cc1,0.00020324451100939278,4.160418527465737e-07,4.1350480151081115e-08,6.399893558461933e-05,2.5824561287609373e-05,6.42144886120558e-17,9.64417493333892e-19,0.00020324451100939278,0,True
0.5672320068981571,32.5,0.01,-0.6113670207426367,0.9901676105667088,2.6916855894892624,-8.189260289922329,5.08218188935511,5.0821889095888935,1.381342489503723e-06,0.00010655345188417156,2.2190671915112148e-05,100000.0,10000000.0,1e-08,100000000.0,480,8,34,165292,21164,2877,9.329191906609206e-17,6.441301233421421e-17,2,42ea7877e84194059c00d9b0c56c2023ddad868c25049e9d1245c92b0ad95cc1,0.0002198909243320557,7.750260677674703e-08,1.2915786729017498e-07,7.362612504890897e-05,4.36636712306414e-06,1.3992241465433705e-16,6.441301233421421e-17,0.0002198909243320557,-2,True
0.5672320068981571,32.5,0.01333521432163324,-0.6106390296746287,0.9894396194987007,2.6897267795068234,-8.19676765512158,5.0891400891840055,5.089147193792337,1.3960331621820643e-06,0.0001067349567680272,2.2485929116911052e-05,100000.0,10000000.0,1e-08,100000000.0,480,8,34,165292,21164,2877,2.8888904408531097e-16,5.3650299350873905e-18,2,42ea7877e84194059c00d9b0c56c2023ddad868c25049e9d1245c92b0ad95cc1,0.00022018314568605923,7.819894087823798e-08,1.2884198818952086e-07,7.356571522354471e-05,4.418414255229601e-06,2.8888904408531097e-16,4.175143246094314e-17,0.00022018314568605923,-1.875,True
0.5672320068981571,32.5,0.01778279410038923,-0.6096715795440288,0.9884721693681009,2.6871258613148967,-8.206765577353721,5.0984099375590946,5.098417154829349,1.4155923793168768e-06,0.00010697697086487039,2.2880092341637237e-05,100000.0,10000000.0,1e-08,100000000.0,480,8,34,165292,21164,2877,1.6749830389419775e-16,3.4033389417896026e-17,2,42ea7877e84194059c00d9b0c56c2023ddad868c25049e9d1245c92b0ad95cc1,0.000220572040491529,7.914501587436007e-08,1.282745643038652e-07,7.34855127899614e-05,4.487691774857804e-06,1.6749830389419775e-16,3.4033389417896026e-17,0.000220572040491529,-1.75,True
0.5672320068981571,32.5,0.03162277660168379,-0.6066852128224254,0.9854858026464974,2.67911308855994,-8.237780049799872,5.127189809215186,5.127197376018487,1.475818836915721e-06,0.00010772890864099209,2.4103060990654512e-05,100000.0,10000000.0,1e-08,100000000.0,480,8,34,165292,21164,2877,6.484578049779024e-17,5.308765618652149e-18,2,42ea7877e84194059c00d9b0c56c2023ddad868c25049e9d1245c92b0ad95cc1,0.00022177677813450813,8.23253880621877e-08,1.2703024099280924e-07,7.323897807731683e-05,4.701027636490786e-06,9.262659252683878e-17,1.8683050098686254e-17,0.00022177677813450813,-1.5,True
0.5672320068981571,32.5,0.05623413251903491,-0.6014628110670599,0.980263400891132,2.6651581545160656,-8.29257134407789,5.178122955320157,5.178131143914509,1.5813827562993765e-06,0.00010906326399613704,2.6278684774894145e-05,100000.0,10000000.0,1e-08,100000000.0,480,8,34,165292,21164,2877,8.271623781056325e-17,8.935515915210879e-17,2,42ea7877e84194059c00d9b0c56c2023ddad868c25049e9d1245c92b0ad95cc1,0.0002238984501892194,8.800015072196743e-08,1.2455826792212576e-07,7.281085536936516e-05,5.074944145135574e-06,1.3325032390891486e-16,8.935515915210879e-17,0.0002238984501892194,-1.25,True
0.5672320068981571,32.5,0.1,-0.5924427386092739,0.9712433284333459,2.6412263305051358,-8.388874763919919,5.267928673684158,5.267937968314018,1.7643803544853398e-06,0.00011142674114806425,3.0148633324955654e-05,100000.0,10000000.0,1e-08,100000000.0,480,8,34,165292,21164,2877,6.458718609135215e-17,5.201575206416571e-18,2,42ea7877e84194059c00d9b0c56c2023ddad868c25049e9d1245c92b0ad95cc1,0.00022760700054824667,9.743599194145247e-08,1.2028676787956272e-07,7.208077079190467e-05,5.723052682084062e-06,6.458718609135215e-17,7.41942852963185e-18,0.00022760700054824667,-1,True
0.5672320068981571,32.5,0.1778279410038923,-0.5771838278178845,0.9559844176419565,2.601230019657629,-8.556614621506334,5.425248769729558,5.425260028848255,2.0753184184485463e-06,0.00011559806608689153,3.702201024857743e-05,100000.0,10000000.0,1e-08,100000000.0,480,8,34,165292,21164,2877,7.082304931591173e-17,6.088010906175189e-16,2,42ea7877e84194059c00d9b0c56c2023ddad868c25049e9d1245c92b0ad95cc1,0.00023400984981014616,1.1354580542466408e-07,1.1322946091851804e-07,7.087550357631756e-05,6.8240207629083394e-06,8.85190296813675e-17,1.780464130857314e-14,0.00023400984981014616,-0.75,True
0.5672320068981571,32.5,0.31622776601683794,-0.5522155392241848,0.9310161290482568,2.5370858749230885,-8.844124400993113,5.697742470361757,5.6977572106558085,2.587041117996236e-06,0.00012291045411771834,4.9201106742557954e-05,100000.0,10000000.0,1e-08,100000000.0,480,8,34,165292,21164,2877,1.7869248208015745e-16,1.079837053535623e-15,2,42ea7877e84194059c00d9b0c56c2023ddad868c25049e9d1245c92b0ad95cc1,0.0002448367601801671,1.3932688558426776e-07,1.0103454251009225e-07,6.899518169611873e-05,8.635193148600505e-06,1.7869248208015745e-16,3.8139606223676524e-13,0.0002448367601801671,-0.5,True
0.5672320068981571,32.5,0.5623413251903491,-0.5133183909579644,0.8921189807820364,2.4402951150491647,-9.323102767110285,6.160701424641085,6.160722282294856,3.3855972449980953e-06,0.00013555562350010022,7.059881429150039e-05,100000.0,10000000.0,1e-08,100000000.0,480,8,34,165292,21164,2877,3.992541578751316e-17,6.7880454103728886e-15,2,42ea7877e84194059c00d9b0c56c2023ddad868c25049e9d1245c92b0ad95cc1,0.0002625490888463755,1.780377623106233e-07,8.170612475488781e-08,6.634543219030675e-05,1.1459541604974534e-05,5.988150760566352e-17,3.305023555682661e-13,0.0002625490888463755,-0.25,True
0.5672320068981571,32.5,1.0,-0.4564059477342899,0.8352065375583619,2.3052901281155145,-10.081917400373946,6.922463765036282,6.922495119523192,4.5293825976511215e-06,0.00015683151465285182,0.00010729458713854001,100000.0,10000000.0,1e-08,100000000.0,480,8,34,165292,21164,2877,2.2494850882085885e-16,4.206858017479631e-17,2,42ea7877e84194059c00d9b0c56c2023ddad868c25049e9d1245c92b0ad95cc1,0.0002901015871874524,2.292711431817196e-07,5.315805884364977e-08,6.32840344469976e-05,1.5499479777772105e-05,2.2494850882085885e-16,9.504970692913312e-15,0.0002901015871874524,0,True
0.6108652381980153,35,0.01,-0.5286588800814906,0.9727948092603432,2.6453273229996657,-7.16550934892738,4.687448221636862,4.687463166097718,3.1881868662875235e-06,0.0001260658016343395,5.0577391614403666e-05,100000.0,10000000.0,1e-08,100000000.0,480,8,33,161448,20683,2877,4.2311271497168046e-17,6.552278935627772e-15,2,42ea7877e84194059c00d9b0c56c2023ddad868c25049e9d1245c92b0ad95cc1,0.0002479386726477184,2.698699403946847e-07,1.7481037506428265e-07,6.282862735473849e-05,1.07899627308826e-05,1.322081076198097e-16,6.552278935627772e-15,0.0002479386726477184,-2,True
0.6108652381980153,35,0.01333521432163324,-0.5279545426901884,0.972090471869041,2.6434647760615686,-7.173169887614984,4.694622573643824,4.6946376176721,3.20452348212541e-06,0.00012625181425748804,5.0926366570891446e-05,100000.0,10000000.0,1e-08,100000000.0,480,8,33,161448,20683,2877,1.2678377979704884e-16,4.1491643547832413e-16,2,42ea7877e84194059c00d9b0c56c2023ddad868c25049e9d1245c92b0ad95cc1,0.00024828200599347205,2.706740387381501e-07,1.743129198761295e-07,6.276539336780296e-05,1.084780848130331e-05,1.2678377979704884e-16,4.1491643547832413e-16,0.00024828200599347205,-1.875,True
0.6108652381980153,35,0.01778279410038923,-0.5270187613442152,0.9711546905230678,2.6409922280979554,-7.183370217346392,4.704179411013236,4.704194588276219,3.226335914874312e-06,0.00012649992589907613,5.1393386321763046e-05,100000.0,10000000.0,1e-08,100000000.0,480,8,33,161448,20683,2877,1.00212725373931e-16,2.0343350722605638e-16,2,42ea7877e84194059c00d9b0c56c2023ddad868c25049e9d1245c92b0ad95cc1,0.0002487388001100044,2.7152259263196754e-07,1.7347334013706472e-07,6.268140392995392e-05,1.0925048096899305e-05,1.00212725373931e-16,2.0343350722605638e-16,0.0002487388001100044,-1.75,True
0.6108652381980153,35,0.03162277660168379,-0.5241318182733303,0.9682677474521829,2.633378828897605,-7.215001067543704,4.73384321555434,4.733858807073657,3.2936281595397077e-06,0.0001272711933912611,5.28453758095182e-05,100000.0,10000000.0,1e-08,100000000.0,480,8,33,161448,20683,2877,1.0497506397442991e-16,3.230359658684276e-18,2,42ea7877e84194059c00d9b0c56c2023ddad868c25049e9d1245c92b0ad95cc1,0.000250153325183744,2.742243589981541e-07,1.7116470107936266e-07,6.242309395720902e-05,1.116331348615016e-05,1.0497506397442991e-16,2.8410414169115164e-16,0.000250153325183744,-1.5,True
0.6108652381980153,35,0.05623413251903491,-0.5190891763962371,0.9632251055750897,2.6201330674205328,-7.270838607122084,4.786314536432171,4.7863308655322205,3.411622852222962e-06,0.00012864053578366764,5.543065747204423e-05,100000.0,10000000.0,1e-08,100000000.0,480,8,33,161448,20683,2877,7.806149470298758e-17,5.90158189993066e-15,2,42ea7877e84194059c00d9b0c56c2023ddad868c25049e9d1245c92b0ad95cc1,0.0002526425378750474,2.790303503807934e-07,1.6697919025254748e-07,6.1974561657685e-05,1.1581072879795218e-05,1.1968104936059228e-16,5.90158189993066e-15,0.0002526425378750474,-1.25,True
0.6108652381980153,35,0.1,-0.5103963283752635,0.9545322575541161,2.597455358613171,-7.368848077495828,4.878751317822994,4.87876895940296,3.6160031156029504e-06,0.00013106797548496297,6.003090243211773e-05,100000.0,10000000.0,1e-08,100000000.0,480,8,33,161448,20683,2877,7.178271142230795e-17,3.1472887394737994e-18,2,42ea7877e84194059c00d9b0c56c2023ddad868c25049e9d1245c92b0ad95cc1,0.0002569893504349441,2.8706833421487943e-07,1.5976246636739688e-07,6.121010548110206e-05,1.2304562893544826e-05,9.228185630157429e-17,1.4559493426885715e-17,0.0002569893504349441,-1,True
0.6108652381980153,35,0.1778279410038923,-0.4957346283739146,0.9398705575527672,2.5596500695153757,-7.539150589694979,5.040433273842938,5.040453250958807,3.963372746662586e-06,0.00013536003905490173,6.821727561323598e-05,100000.0,10000000.0,1e-08,100000000.0,480,8,33,161448,20683,2877,1.1496828268340167e-16,1.9056958643046603e-15,2,42ea7877e84194059c00d9b0c56c2023ddad868c25049e9d1245c92b0ad95cc1,0.0002644800984077378,3.0099991210619237e-07,1.477440150221554e-07,5.994824687971523e-05,1.3534010254087865e-05,1.1496828268340167e-16,2.0725187965040945e-15,0.0002644800984077378,-0.75,True
0.6108652381980153,35,0.31622776601683794,-0.47184014549038467,0.9159760746692373,2.4992134807361714,-7.82982000802586,5.319748908885168,5.319773037724374,4.53571016612031e-06,0.0001429115079787351,8.276943972607143e-05,100000.0,10000000.0,1e-08,100000000.0,480,8,33,161448,20683,2877,1.868700532180231e-16,4.586083995118273e-16,2,42ea7877e84194059c00d9b0c56c2023ddad868c25049e9d1245c92b0ad95cc1,0.00027710765771415957,3.233331939966888e-07,1.276122534310531e-07,5.7976723512043193e-05,1.5558899704425523e-05,1.868700532180231e-16,3.773950251241941e-15,0.00027710765771415957,-0.5,True
0.6108652381980153,35,0.5623413251903491,-0.43476366888243767,0.8788995980612903,2.408248206831431,-8.310474457252075,5.792225324276052,5.7922567847455,5.431499585428767e-06,0.00015606404156090435,0.00010846584534007775,100000.0,10000000.0,1e-08,100000000.0,480,8,33,161448,20683,2877,4.9275447040008935e-17,8.739496175621637e-16,2,42ea7877e84194059c00d9b0c56c2023ddad868c25049e9d1245c92b0ad95cc1,0.00029766237550621355,3.573516986765668e-07,9.639051090637452e-08,5.51779442043987e-05,1.87261094428564e-05,1.1197727710014144e-16,9.19673398749285e-16,0.00029766237550621355,-0.25,True
0.6108652381980153,35,1.0,-0.38052226286767876,0.8246581920465313,2.28110093361878,-9.062095839750814,6.564251865758868,6.564296010202622,6.7249771424915394e-06,0.00017849838731891964,0.0001529090437450975,100000.0,10000000.0,1e-08,100000000.0,480,8,33,161448,20683,2877,8.917256942622288e-17,4.7009896141696786e-14,2,42ea7877e84194059c00d9b0c56c2023ddad868c25049e9d1245c92b0ad95cc1,0.0003293756736626463,4.041128232046276e-07,5.2596659916304134e-08,5.1842388571810005e-05,2.32942073022392e-05,8.917256942622288e-17,4.7009896141696786e-14,0.0003293756736626463,0,True
0.6981317007977318,40,0.01,-0.37583929203206723,0.9338983711931924,2.5444089190807913,-5.557926550880402,4.039662613989993,4.039664157143141,3.8200050256342877e-07,6.177563636781323e-05,3.861239474822753e-06,100000.0,10000000.0,1e-08,100000000.0,480,10,32,165292,21164,2877,1.183830551917204e-16,7.614413222569949e-15,2,42ea7877e84194059c00d9b0c56c2023ddad868c25049e9d1245c92b0ad95cc1,0.0002075147530042898,2.0981009596354738e-08,1.1162701607503323e-07,5.819223353076275e-05,9.558321681248002e-07,1.183830551917204e-16,7.614413222569949e-15,0.0002075147530042898,-2,True
0.6981317007977318,40,0.01333521432163324,-0.37523101383477897,0.9332900929959042,2.5428616812335596,-5.565967295596901,4.04729622849067,4.047297832368077,3.962836709892059e-07,6.193400634836149e-05,4.07320831197211e-06,100000.0,10000000.0,1e-08,100000000.0,480,10,32,165292,21164,2877,1.3135752634453335e-16,5.312049746735217e-18,2,42ea7877e84194059c00d9b0c56c2023ddad868c25049e9d1245c92b0ad95cc1,0.00020786515723436594,2.1862048837917314e-08,1.1137942390604394e-07,5.813798379183943e-05,1.006402319479121e-06,1.3135752634453335e-16,3.061624583796539e-16,0.00020786515723436594,-1.875,True
0.6981317007977318,40,0.01778279410038923,-0.37442309355014225,0.9324821727112674,2.5408080813844576,-5.576670326875379,4.057462620531798,4.05746430526691,4.152188868289386e-07,6.214494675938235e-05,4.355261462585247e-06,100000.0,10000000.0,1e-08,100000000.0,480,10,32,165292,21164,2877,1.573436242235551e-16,1.8845038256268526e-17,2,42ea7877e84194059c00d9b0c56c2023ddad868c25049e9d1245c92b0ad95cc1,0.00020833098106476378,2.2832012502860266e-08,1.109789193876054e-07,5.806613108716441e-05,1.0733953383936334e-06,1.573436242235551e-16,3.0587433707294343e-15,0.00020833098106476378,-1.75,True
0.6981317007977318,40,0.03162277660168379,-0.3719322534256595,0.9299913325867847,2.5344872100747153,-5.609834155032815,4.0890023111748315,4.089004247470771,4.735375018771748e-07,6.2800283019387e-05,5.233513305391568e-06,100000.0,10000000.0,1e-08,100000000.0,480,10,32,165292,21164,2877,9.127131153036002e-17,1.1509181068641882e-16,2,42ea7877e84194059c00d9b0c56c2023ddad868c25049e9d1245c92b0ad95cc1,0.00020977042574177318,2.6124764351820318e-08,1.0988870435824083e-07,5.784581138823519e-05,1.2798998159254897e-06,1.042985404293543e-16,2.622171590193679e-16,0.00020977042574177318,-1.5,True
0.6981317007977318,40,0.05623413251903491,-0.3675870166522568,0.925646095813382,2.5234981553605365,-5.668282073159251,4.144732294281903,4.144734677996552,5.751190859104582e-07,6.396097829927437e-05,6.795378241442052e-06,100000.0,10000000.0,1e-08,100000000.0,480,10,32,165292,21164,2877,9.03804375859895e-17,2.860893702220618e-16,2,42ea7877e84194059c00d9b0c56c2023ddad868c25049e9d1245c92b0ad95cc1,0.00021229254526278218,3.192756903303007e-08,1.079836986495053e-07,5.746569844111704e-05,1.6395216286506598e-06,1.420107029661623e-16,2.860893702220618e-16,0.00021229254526278218,-1.25,True
0.6981317007977318,40,0.1,-0.3601105197911265,0.9181695989522517,2.5047015831370225,-5.770576360637908,4.242726070175607,4.242729248369193,7.49092336826962e-07,6.600971588314123e-05,9.568789449687642e-06,100000.0,10000000.0,1e-08,100000000.0,480,10,32,165292,21164,2877,1.0155177421275596e-16,1.842942737441549e-14,2,42ea7877e84194059c00d9b0c56c2023ddad868c25049e9d1245c92b0ad95cc1,0.00021666458312719072,4.167611167282814e-08,1.0453072740723712e-07,5.6825107292546306e-05,2.2553399138708923e-06,1.5865715351281516e-16,1.842942737441549e-14,0.00021666458312719072,-1,True
0.6981317007977318,40,0.1778279410038923,-0.3475290373170157,0.9055881164781409,2.473386134535215,-5.947416099194129,4.413571755778764,4.413576342166646,1.0391556171107652e-06,6.960284185465683e-05,1.448473818665974e-05,100000.0,10000000.0,1e-08,100000000.0,480,10,32,165292,21164,2877,7.39967340431657e-17,4.785817819992057e-14,2,42ea7877e84194059c00d9b0c56c2023ddad868c25049e9d1245c92b0ad95cc1,0.0002241067722212886,5.777262734874e-08,9.870197570371886e-08,5.5787715213417854e-05,3.2818630778336452e-06,1.0481712142007513e-16,4.785817819992057e-14,0.0002241067722212886,-0.75,True
0.6981317007977318,40,0.31622776601683794,-0.32704865698049757,0.8851077361416227,2.423245448537488,-6.246537082624103,4.707089713528042,4.707096784391241,1.5021730259690003e-06,7.582739062523565e-05,2.3158429569569705e-05,100000.0,10000000.0,1e-08,100000000.0,480,10,32,165292,21164,2877,8.232588713247298e-17,2.1994718431606677e-15,2,42ea7877e84194059c00d9b0c56c2023ddad868c25049e9d1245c92b0ad95cc1,0.00023641049999545416,8.280725505294129e-08,8.908132098639499e-08,5.421813676620424e-05,4.919904012666901e-06,8.232588713247298e-17,2.2928343907228347e-15,0.00023641049999545416,-0.5,True
0.6981317007977318,40,0.5623413251903491,-0.29512102396513473,0.8531801031262599,2.3470990132345397,-6.73344611041634,5.199086406458959,5.199097806089777,2.1926219198054042e-06,8.6359621943768e-05,3.8270155978459286e-05,100000.0,10000000.0,1e-08,100000000.0,480,10,32,165292,21164,2877,8.735905678460856e-17,1.9081230151593353e-16,2,42ea7877e84194059c00d9b0c56c2023ddad868c25049e9d1245c92b0ad95cc1,0.00025585833897801,1.1812601230509756e-07,7.372404664529597e-08,5.2102710203172364e-05,7.3609386316248335e-06,1.3102410534532251e-16,8.611353165562282e-14,0.00025585833897801,-0.25,True
0.6981317007977318,40,1.0,-0.24744228162282034,0.8055013607839455,2.237818171888032,-7.474324372981987,5.991719603458127,5.991738310223671,3.1221029659356248e-06,0.00010341883198881372,6.377097000331844e-05,100000.0,10000000.0,1e-08,100000000.0,480,10,32,165292,21164,2877,8.828198366961188e-17,1.4996317259677838e-15,2,42ea7877e84194059c00d9b0c56c2023ddad868c25049e9d1245c92b0ad95cc1,0.00028464054513976933,1.6196073637786412e-07,5.1456527039306366e-08,4.978502687902342e-05,1.064318329691412e-05,1.3240834493341942e-16,1.4996317259677838e-15,0.00028464054513976933,0,True
0.7853981633974483,45,0.01,-0.23570043868345292,0.8891268484034802,2.4330043419407708,-4.359952100901952,3.528324474455279,3.5283269982377474,7.152920562525367e-07,5.08288311462782e-05,7.734384523061522e-06,100000.0,10000000.0,1e-08,100000000.0,480,11,31,165292,21164,2877,2.0550119528711968e-16,9.073224967465225e-17,2,42ea7877e84194059c00d9b0c56c2023ddad868c25049e9d1245c92b0ad95cc1,0.00016071452305532752,5.736156238889123e-08,1.0565979380317003e-07,4.847111310057883e-05,2.1920842538881277e-06,2.5289658632675193e-16,1.5314392999686365e-15,0.00016071452305532752,-2,True
0.7853981633974483,45,0.01333521432163324,-0.23526720789435585,0.8886936176143831,2.431950517840841,-4.3684691200786885,3.5364568023506497,3.53645938214837,7.294865635998349e-07,5.092030010199435e-05,7.929701377307197e-06,100000.0,10000000.0,1e-08,100000000.0,480,11,31,165292,21164,2877,1.5783398709041135e-16,2.7642299431426706e-18,2,42ea7877e84194059c00d9b0c56c2023ddad868c25049e9d1245c92b0ad95cc1,0.00016102582567523172,5.7908339901047157e-08,1.0516715498454232e-07,4.842420405481995e-05,2.2422729360178806e-06,1.5783398709041135e-16,2.8374760253738615e-16,0.00016102582567523172,-1.875,True
0.7853981633974483,45,0.01778279410038923,-0.23469139886521795,0.8881178085852452,2.43055058186082,-4.379801997078498,3.54728477180929,3.547287427219795,7.485755093572521e-07,5.104251563740912e-05,8.193544879908643e-06,100000.0,10000000.0,1e-08,100000000.0,480,11,31,165292,21164,2877,1.2600843002692822e-16,5.319949837640744e-15,2,42ea7877e84194059c00d9b0c56c2023ddad868c25049e9d1245c92b0ad95cc1,0.00016143922780220699,5.839564898302285e-08,1.0439877473622516e-07,4.836180704592685e-05,2.3098074744446107e-06,1.2600843002692822e-16,5.319949837640744e-15,0.00016143922780220699,-1.75,True
0.7853981633974483,45,0.03162277660168379,-0.232913309207901,0.8863397189279283,2.4262326849511684,-4.414887505242177,3.5808580151337415,3.5808609051653515,8.070779677904483e-07,5.142259697218595e-05,9.012134355224077e-06,100000.0,10000000.0,1e-08,100000000.0,480,11,31,165292,21164,2877,1.565166699434749e-16,6.53209017474679e-17,2,42ea7877e84194059c00d9b0c56c2023ddad868c25049e9d1245c92b0ad95cc1,0.00016271440570836404,6.04341201526637e-08,1.0174134312812555e-07,4.8171056365120535e-05,2.516752777445012e-06,1.7214930369320034e-16,6.53209017474679e-17,0.00016271440570836404,-1.5,True
0.7853981633974483,45,0.05623413251903491,-0.22980064628126629,0.8832270560012936,2.4186923817204513,-4.4766117771935505,3.6401117455338445,3.640115051891606,9.083121597086574e-07,5.209799512374398e-05,1.0464503144014259e-05,100000.0,10000000.0,1e-08,100000000.0,480,11,31,165292,21164,2877,1.2383600660643737e-16,3.874599694592582e-16,2,42ea7877e84194059c00d9b0c56c2023ddad868c25049e9d1245c92b0ad95cc1,0.0001649410973580956,6.370384375564697e-08,9.755434948743869e-08,4.784352092834787e-05,2.874775247450426e-06,1.8573347408043722e-16,3.874599694592582e-16,0.0001649410973580956,-1.25,True
0.7853981633974483,45,0.1,-0.22441009161376368,0.877836501333791,2.4056893664321644,-4.5842995787891345,3.7440883656447657,3.7440924114001235,1.080571547129594e-06,5.3297878504058746e-05,1.3044299434383788e-05,100000.0,10000000.0,1e-08,100000000.0,480,11,31,165292,21164,2877,1.1390269266877624e-16,1.5687358938859135e-16,2,42ea7877e84194059c00d9b0c56c2023ddad868c25049e9d1245c92b0ad95cc1,0.00016877733903819525,6.943857000507592e-08,9.027481517875913e-08,4.729516669366163e-05,3.483972107623438e-06,2.7333624250970773e-16,1.5687358938859135e-16,0.00016877733903819525,-1,True
0.7853981633974483,45,0.1778279410038923,-0.2152266933362783,0.8686531030563056,2.383698094704009,-4.769431532212229,3.924725780272528,3.924731135808537,1.3645631080638765e-06,5.5425850159257716e-05,1.7614707744861846e-05,100000.0,10000000.0,1e-08,100000000.0,480,11,31,165292,21164,2877,1.544157525326862e-16,1.5160238931580784e-14,2,42ea7877e84194059c00d9b0c56c2023ddad868c25049e9d1245c92b0ad95cc1,0.00017524081527886537,7.900321241649522e-08,7.839073257187579e-08,4.641645339109601e-05,4.488137192514557e-06,1.544157525326862e-16,1.5160238931580784e-14,0.00017524081527886537,-0.75,True
0.7853981633974483,45,0.31622776601683794,-0.1999244659859052,0.8533508757059325,2.3474998676142707,-5.079553342972443,4.2332275797034296,4.233235243333753,1.81035160018439e-06,5.9183661550338414e-05,2.5670182846049272e-05,100000.0,10000000.0,1e-08,100000000.0,480,11,31,165292,21164,2877,2.3727251123796657e-16,1.8815644703528418e-14,2,42ea7877e84194059c00d9b0c56c2023ddad868c25049e9d1245c92b0ad95cc1,0.00018574961321227157,9.340419904191322e-08,5.983409168131004e-08,4.510578108529728e-05,6.063974204724346e-06,2.3727251123796657e-16,1.8815644703528418e-14,0.00018574961321227157,-0.5,True
0.7853981633974483,45,0.5623413251903491,-0.17502362211123068,0.828450031831258,2.2897669225292834,-5.575968042258702,4.745409315465547,4.745420989459644,2.460060517739393e-06,6.574626818499673e-05,3.966860748505496e-05,100000.0,10000000.0,1e-08,100000000.0,480,11,31,165292,21164,2877,1.4814624228848183e-16,1.3039639198855597e-14,2,42ea7877e84194059c00d9b0c56c2023ddad868c25049e9d1245c92b0ad95cc1,0.00020193570625748336,1.1450512560351456e-07,3.325670783205226e-08,4.336334131149755e-05,8.359364777190625e-06,1.9321287327841677e-16,2.8337365567783514e-14,0.00020193570625748336,-0.25,True
0.7853981633974483,45,1.0,-0.13511542035415647,0.7885418300741838,2.200185841210676,-6.309923860502217,5.558838993248385,5.558857412210656,3.3134548949043108e-06,7.691066399057454e-05,6.321395111186234e-05,100000.0,10000000.0,1e-08,100000000.0,480,11,31,165292,21164,2877,9.782388788210044e-17,2.616716137957167e-17,2,42ea7877e84194059c00d9b0c56c2023ddad868c25049e9d1245c92b0ad95cc1,0.00022498242656698864,1.417564408079386e-07,3.9401970575170253e-10,4.14303224276491e-05,1.1371790258476687e-05,1.1507420960245734e-16,4.0278372261245765e-15,0.00022498242656698864,0,True
0.8726646259971648,50,0.01,-0.10473412568587315,0.8382190344988167,2.312245278498035,-3.4385091920490076,3.1125219291240893,3.112525155135156,1.0364621165770416e-06,4.213367162959613e-05,1.0507516825963847e-05,100000.0,10000000.0,1e-08,100000000.0,480,12,30,165292,21164,2877,1.3865866208191606e-16,6.16172681244971e-18,2,42ea7877e84194059c00d9b0c56c2023ddad868c25049e9d1245c92b0ad95cc1,0.0001298613684603822,8.677077767416108e-08,9.664469091674732e-08,4.023431673716438e-05,3.3758852355847726e-06,1.4788622043724335e-16,9.212874807172507e-15,0.0001298613684603822,-2,True
0.8726646259971648,50,0.01333521432163324,-0.10457662927900047,0.8380615380919441,2.3118811368511167,-3.447601517454264,3.121197231653041,3.1212005108652745,1.0506264069842786e-06,4.2319887084929296e-05,1.0692944595103171e-05,100000.0,10000000.0,1e-08,100000000.0,480,12,30,165292,21164,2877,1.568754554366973e-16,3.0824245438408413e-17,2,42ea7877e84194059c00d9b0c56c2023ddad868c25049e9d1245c92b0ad95cc1,0.00013018776735274074,8.770537918145749e-08,9.651318100267758e-08,4.0198796034340845e-05,3.425911213383974e-06,1.660850590594182e-16,1.0481338066131767e-14,0.00013018776735274074,-1.875,True
0.8726646259971648,50,0.01778279410038923,-0.10436534807113929,0.8378502568840829,2.311392731409354,-3.4596951153024467,3.1327450841744318,3.132748434347213,1.069404848230704e-06,4.25677769696122e-05,1.0940312242802008e-05,100000.0,10000000.0,1e-08,100000000.0,480,12,30,165292,21164,2877,1.473094192739363e-16,1.8273145706621636e-16,2,42ea7877e84194059c00d9b0c56c2023ddad868c25049e9d1245c92b0ad95cc1,0.0001306205972295693,8.895814107567901e-08,9.630630648516103e-08,4.015181002947621e-05,3.4922446445032387e-06,2.2093969779874545e-16,6.967168662341921e-16,0.0001306205972295693,-1.75,True
0.8726646259971648,50,0.03162277660168379,-0.10369888998774979,0.8371837988006934,2.309852798247069,-3.4971010146738637,3.1685281614378344,3.168531732542953,1.1270548774255928e-06,4.3335957526680894e-05,1.1710315299673368e-05,100000.0,10000000.0,1e-08,100000000.0,480,12,30,165292,21164,2877,1.279884131980124e-16,1.2020592886321466e-16,2,42ea7877e84194059c00d9b0c56c2023ddad868c25049e9d1245c92b0ad95cc1,0.00013194986619335936,9.26502434772658e-08,9.573884107716424e-08,4.0008060669283196e-05,3.6958217516234383e-06,1.8282037755108332e-16,7.234724397501364e-16,0.00013194986619335936,-1.5,True
0.8726646259971648,50,0.05623413251903491,-0.10248148957401093,0.8359663983869545,2.307042493474991,-3.562779755025869,3.231600520025507,3.231604483466547,1.2264637958558922e-06,4.4690022444551914e-05,1.3078118512144243e-05,100000.0,10000000.0,1e-08,100000000.0,480,12,30,165292,21164,2877,1.6254328282344532e-16,6.965994515923995e-17,2,42ea7877e84194059c00d9b0c56c2023ddad868c25049e9d1245c92b0ad95cc1,0.00013425072931871895,9.906633713363533e-08,9.46124019129968e-08,3.976198921029628e-05,4.046947768173097e-06,1.6254328282344532e-16,6.583005789693584e-15,0.00013425072931871895,-1.25,True
0.8726646259971648,50,0.1,-0.10022227887697244,0.833707187689916,2.301836281574408,-3.676975286421892,3.3420294762391864,3.342034136544277,1.3944536167986854e-06,4.706053307165192e-05,1.5507798106995097e-05,100000.0,10000000.0,1e-08,100000000.0,480,12,30,165292,21164,2877,1.2377942182783235e-16,1.7054994435453094e-17,2,42ea7877e84194059c00d9b0c56c2023ddad868c25049e9d1245c92b0ad95cc1,0.0001381568619780449,1.0931754834686558e-07,9.252014798732944e-08,3.9351870706250125e-05,4.640233791248948e-06,1.94489018337848e-16,8.004489009815505e-16,0.0001381568619780449,-1,True
0.8726646259971648,50,0.1778279410038923,-0.0959436522507251,0.8294285610636687,2.2920086230042354,-3.8721226436515894,3.533140262913574,3.533146157015972,1.6682333447981534e-06,5.1158855084287516e-05,1.981038961451631e-05,100000.0,10000000.0,1e-08,100000000.0,480,12,30,165292,21164,2877,1.4508341245894949e-16,8.694003355134096e-14,2,42ea7877e84194059c00d9b0c56c2023ddad868c25049e9d1245c92b0ad95cc1,0.00014458270688777475,1.259659687669057e-07,8.894851433183248e-08,3.869888052188131e-05,5.607020423859381e-06,1.962676234169094e-16,8.694003355134096e-14,0.00014458270688777475,-0.75,True
0.8726646259971648,50,0.31622776601683794,-0.087673539453897,0.8211584482668406,2.27313161823063,-4.195649147145447,3.85745262245877,3.8574606872121815,2.0906940929599216e-06,5.808881686952131e-05,2.738226860099502e-05,100000.0,10000000.0,1e-08,100000000.0,480,12,30,165292,21164,2877,1.0482966485032896e-16,9.280974860221334e-18,2,42ea7877e84194059c00d9b0c56c2023ddad868c25049e9d1245c92b0ad95cc1,0.00015465324692609528,1.504886679715156e-07,8.248924854292738e-08,3.7730465804131086e-05,7.098536594220397e-06,1.2900686661878377e-16,2.310341794129983e-13,0.00015465324692609528,-0.5,True
0.8726646259971648,50,0.5623413251903491,-0.07150553019685102,0.8049904390097946,2.2366751138889,-4.704450474631024,4.390505080983342,4.390516904699201,2.6930195138330504e-06,6.93645041974049e-05,4.050019292733964e-05,100000.0,10000000.0,1e-08,100000000.0,480,12,30,165292,21164,2877,8.886002283519921e-17,6.395447141725893e-17,2,42ea7877e84194059c00d9b0c56c2023ddad868c25049e9d1245c92b0ad95cc1,0.000169371281282249,1.8344677465975678e-07,7.134672186381863e-08,3.643550433296561e-05,9.224495173176934e-06,1.0365855700679734e-16,3.389990960406291e-14,0.000169371281282249,-0.25,True
0.8726646259971648,50,1.0,-0.0401406828403954,0.773625591653339,2.1676108964301553,-5.43478228776152,5.225045397628642,5.225063505823871,3.4656531859855733e-06,8.65774507425961e-05,6.244149143519451e-05,100000.0,10000000.0,1e-08,100000000.0,480,12,30,165292,21164,2877,1.7134087587942527e-16,4.4458556889174694e-14,2,42ea7877e84194059c00d9b0c56c2023ddad868c25049e9d1245c92b0ad95cc1,0.00018892408064985489,2.2138470412436106e-07,5.419984416832335e-08,3.4913655499346774e-05,1.1950420844866389e-05,2.240363735374782e-16,4.4458556889174694e-14,0.00018892408064985489,0,True
0.9599310885968813,55,0.01,0.019687181598867842,0.7808272523044348,2.1832776401040883,-2.7117727747942606,2.7662320882604594,2.766235830920689,1.3529812792345552e-06,3.4307485576202784e-05,1.2548853491889389e-05,100000.0,10000000.0,1e-08,100000000.0,480,13,29,165292,21164,2877,1.692626177566096e-16,5.888070595699001e-17,2,42ea7877e84194059c00d9b0c56c2023ddad868c25049e9d1245c92b0ad95cc1,0.00010853981744773922,1.0707914044338906e-07,8.065803858148257e-08,3.303470723958757e-05,4.536442746487231e-06,1.692626177566096e-16,3.606887773401273e-16,0.00010853981744773922,-2,True
0.9599310885968813,55,0.01333521432163324,0.019439686788062405,0.7810747471152403,2.183818056862975,-2.721545394235686,2.775500249771432,2.775504043301339,1.3667914127157843e-06,3.4401849118221744e-05,1.2725996851870036e-05,100000.0,10000000.0,1e-08,100000000.0,480,13,29,165292,21164,2877,1.794979922715425e-16,1.864320402660218e-15,2,42ea7877e84194059c00d9b0c56c2023ddad868c25049e9d1245c92b0ad95cc1,0.00010890677562591655,1.0742151168585679e-07,7.99518612426553e-08,3.3016142118480474e-05,4.585118251355966e-06,1.794979922715425e-16,1.359330652880413e-13,0.00010890677562591655,-1.875,True
0.9599310885968813,55,0.01778279410038923,0.019117130560755258,0.7813973033425474,2.184522574593704,-2.734538242424826,2.7878336217535518,2.787837482947231,1.3850158235850785e-06,3.4527521426990076e-05,1.296152479524082e-05,100000.0,10000000.0,1e-08,100000000.0,480,13,29,165292,21164,2877,1.2638335634399192e-16,7.327259976040141e-18,2,42ea7877e84194059c00d9b0c56c2023ddad868c25049e9d1245c92b0ad95cc1,0.00010939230625617302,1.0768958613738278e-07,7.895853215700299e-08,3.2991629378975595e-05,4.649317912698104e-06,2.1061563936324933e-16,1.2189650749346927e-16,0.00010939230625617302,-1.75,True
0.9599310885968813,55,0.03162277660168379,0.018166647572676387,0.7823477863306263,2.1865999132190495,-2.774685047712213,2.826024437703748,2.8260285086342027,1.4405149511009796e-06,3.4917748801212806e-05,1.369186608801698e-05,100000.0,10000000.0,1e-08,100000000.0,480,13,29,165292,21164,2877,1.4630039371813755e-16,2.835366000365692e-17,2,42ea7877e84194059c00d9b0c56c2023ddad868c25049e9d1245c92b0ad95cc1,0.00011087716459723396,1.090192853769878e-07,7.62097415174523e-08,3.2916958242701355e-05,4.844921333780872e-06,1.4630039371813755e-16,8.822320190795316e-17,0.00011087716459723396,-1.5,True
0.9599310885968813,55,0.05623413251903491,0.01666521607898397,0.7838492178243187,2.189885409049111,-2.8450280432392336,2.893244589492477,2.89324903316024,1.5358769800410954e-06,3.560912220993903e-05,1.498997871429708e-05,100000.0,10000000.0,1e-08,100000000.0,480,13,29,165292,21164,2877,1.6494750694036536e-16,8.277723115763678e-17,2,42ea7877e84194059c00d9b0c56c2023ddad868c25049e9d1245c92b0ad95cc1,0.00011342229624655698,1.1110871278585677e-07,7.14095826914729e-08,3.278851735954991e-05,5.181027130833267e-06,1.8554542974022834e-16,2.118452799939212e-16,0.00011342229624655698,-1.25,True
0.9599310885968813,55,0.1,0.014536008046172388,0.7859784258571303,2.194553098130114,-2.966881953393056,3.010644709108828,3.0106498140501734,1.6956306168047774e-06,3.68300912357906e-05,1.7293342905233544e-05,100000.0,10000000.0,1e-08,100000000.0,480,13,29,165292,21164,2877,1.510971964139933e-16,6.9295838484517896e-18,2,42ea7877e84194059c00d9b0c56c2023ddad868c25049e9d1245c92b0ad95cc1,0.00011767216648284062,1.147381625266064e-07,6.35234781443117e-08,3.2573024884463564e-05,5.744066330016235e-06,1.510971964139933e-16,1.3830689647100753e-15,0.00011767216648284062,-1,True
0.9599310885968813,55,0.1778279410038923,0.012196374353993122,0.7883180595493096,2.1996935595512843,-3.1737825278112335,3.212969101764162,3.2129753750638157,1.9524929917302813e-06,3.8972797473175406e-05,2.136421611842465e-05,100000.0,10000000.0,1e-08,100000000.0,480,13,29,165292,21164,2877,1.260147203038512e-16,9.624450865165145e-15,2,42ea7877e84194059c00d9b0c56c2023ddad868c25049e9d1245c92b0ad95cc1,0.00012447705949858445,1.2047466413367403e-07,5.086165710821433e-08,3.222490177756665e-05,6.6493686810414974e-06,2.3261686904369153e-16,9.624450865165145e-15,0.00012447705949858445,-0.75,True
0.9599310885968813,55,0.31622776601683794,0.011514630210975652,0.788999803692327,2.201193699049498,-3.5130420990461175,3.5539646882137643,3.5539730092923945,2.3413509586678316e-06,4.268862939267157e-05,2.850251290542616e-05,100000.0,10000000.0,1e-08,100000000.0,480,13,29,165292,21164,2877,1.4594651184473283e-16,1.5644437167645054e-17,2,42ea7877e84194059c00d9b0c56c2023ddad868c25049e9d1245c92b0ad95cc1,0.00013470183619335163,1.3010409938285505e-07,3.224792688438782e-08,3.169148427839552e-05,8.01992011905769e-06,1.4594651184473283e-16,3.4242072992336665e-14,0.00013470183619335163,-0.5,True
0.9599310885968813,55,0.5623413251903491,0.017457617406152814,0.7830568164971499,2.1881508282774473,-4.03686884531886,4.1085951271249925,4.108606974649514,2.8835950378613973e-06,4.898933132649012e-05,4.0803215950013794e-05,100000.0,10000000.0,1e-08,100000000.0,480,13,29,165292,21164,2877,1.4179251903124143e-16,7.945335740666192e-15,2,42ea7877e84194059c00d9b0c56c2023ddad868c25049e9d1245c92b0ad95cc1,0.00014875112126677692,1.4371977563598648e-07,6.890148007698826e-09,3.092046237584967e-05,9.931184428621477e-06,1.5428656783704246e-16,7.945335740666192e-15,0.00014875112126677692,-0.25,True
0.9599310885968813,55,1.0,0.039894787806891596,0.7606196460964111,2.1396016056023437,-4.766647961418855,4.964714180158129,4.964731875190349,3.56415930058418e-06,5.9248500084706094e-05,6.121817203386115e-05,100000.0,10000000.0,1e-08,100000000.0,480,13,29,165292,21164,2877,9.626810061552369e-17,6.278834041095097e-15,2,42ea7877e84194059c00d9b0c56c2023ddad868c25049e9d1245c92b0ad95cc1,0.0001659030157744601,1.6233169197743536e-07,2.277536714778705e-08,2.9836335189159513e-05,1.2330653852849052e-05,1.7770608116961877e-16,6.278834041095097e-15,0.0001659030157744601,0,True
1.0471975511965976,60,0.01,0.13961294545662795,0.7165460183174815,2.0473494765526685,-2.1269815208704816,2.4721217150336154,2.4721258457572146,1.6709224202049455e-06,2.8305861349316533e-05,1.4083933969288864e-05,100000.0,10000000.0,1e-08,100000000.0,480,14,28,165292,21164,2877,2.7361077862838327e-16,8.588753812890372e-15,2,42ea7877e84194059c00d9b0c56c2023ddad868c25049e9d1245c92b0ad95cc1,9.32807092193233e-05,1.266478331096721e-07,6.54834685365202e-08,2.656406813128509e-05,5.6971037807891075e-06,2.7361077862838327e-16,3.599520800866609e-14,9.32807092193233e-05,-2,True
1.0471975511965976,60,0.01333521432163324,0.13879348767072797,0.7173654761033815,2.049027880618405,-2.137548341869754,2.482039222030973,2.482043401536284,1.683899784499232e-06,2.8520482459984267e-05,1.425369045371383e-05,100000.0,10000000.0,1e-08,100000000.0,480,14,28,165292,21164,2877,2.3742238239194404e-16,1.586151596740452e-17,2,42ea7877e84194059c00d9b0c56c2023ddad868c25049e9d1245c92b0ad95cc1,9.37085872881882e-05,1.2772981805575512e-07,6.540424557499591e-08,2.656972516767997e-05,5.742733767942028e-06,2.3742238239194404e-16,6.1932642004684375e-15,9.37085872881882e-05,-1.875,True
1.0471975511965976,60,0.01778279410038923,0.13771937526763778,0.7184395885064717,2.051229949302184,-2.1515905002859843,2.4952323391863325,2.4952365840528064,1.7011908699515743e-06,2.880596315408875e-05,1.4480986956666442e-05,100000.0,10000000.0,1e-08,100000000.0,480,14,28,165292,21164,2877,3.0778905891114495e-16,1.6629556268859181e-16,2,42ea7877e84194059c00d9b0c56c2023ddad868c25049e9d1245c92b0ad95cc1,9.427331762945634e-05,1.2886936895384338e-07,6.526826767938587e-08,2.657688685969717e-05,5.803462358695034e-06,3.3142847900570036e-16,4.802373695636138e-15,9.427331762945634e-05,-1.75,True
1.0471975511965976,60,0.03162277660168379,0.13450895724658551,0.721650006527524,2.0578258370099287,-2.1949320304345483,2.5360540109713217,2.5360584572100255,1.7532113609775024e-06,2.9687558466097086e-05,1.5181262710051158e-05,100000.0,10000000.0,1e-08,100000000.0,480,14,28,165292,21164,2877,2.4647675647795877e-16,2.2925966290417552e-14,2,42ea7877e84194059c00d9b0c56c2023ddad868c25049e9d1245c92b0ad95cc1,9.598915479702708e-05,1.3284897659726624e-07,6.583716449792831e-08,2.6598497815166766e-05,5.986174838696222e-06,2.4647675647795877e-16,3.015749519661946e-14,9.598915479702708e-05,-1.5,True
1.0471975511965976,60,0.05623413251903491,0.12926319501948536,0.7268957687546241,2.068649065277202,-2.2706993220210587,2.6077906768531194,2.6077954811124866,1.8422718548460892e-06,3.1233522481924456e-05,1.6426593906881948e-05,100000.0,10000000.0,1e-08,100000000.0,480,14,28,165292,21164,2877,1.7346070620727284e-16,2.7068773239776418e-15,2,42ea7877e84194059c00d9b0c56c2023ddad868c25049e9d1245c92b0ad95cc1,9.889201431656502e-05,1.3971763135334214e-07,6.630903393034515e-08,2.6631395243947864e-05,6.2990461821515115e-06,2.54380903713552e-16,4.6857718893024815e-14,9.889201431656502e-05,-1.25,True
1.0471975511965976,60,0.1,0.1212373427521456,0.7349216210219639,2.0853185409634087,-2.4014268816430384,2.7327366062230354,2.732742045521853,1.9904219108468624e-06,3.391497385497548e-05,1.8636135941108023e-05,100000.0,10000000.0,1e-08,100000000.0,480,14,28,165292,21164,2877,2.5935265394585595e-16,5.587799584657069e-17,2,42ea7877e84194059c00d9b0c56c2023ddad868c25049e9d1245c92b0ad95cc1,0.00010363544160196803,1.5025774890986554e-07,6.68450553797939e-08,2.667475097739569e-05,6.819587331859751e-06,2.5935265394585595e-16,6.337487740290541e-17,0.00010363544160196803,-1,True
1.0471975511965976,60,0.1778279410038923,0.11034855791148501,0.7458104058626245,2.10814919936658,-2.6218727789347365,2.9470786590079805,2.94708521817429,2.2256502347772766e-06,3.8478268171063724e-05,2.253417123876389e-05,100000.0,10000000.0,1e-08,100000000.0,480,14,28,165292,21164,2877,1.40642808411328e-16,1.5457158741046243e-17,2,42ea7877e84194059c00d9b0c56c2023ddad868c25049e9d1245c92b0ad95cc1,0.00011097022992279104,1.6666422508748724e-07,6.67604982407255e-08,2.6713712333092943e-05,7.646274106015596e-06,1.8389718777934443e-16,2.6255757652427714e-16,0.00011097022992279104,-0.75,True
1.0471975511965976,60,0.31622776601683794,0.0987699988733639,0.7573889649007456,2.1327003887471743,-2.9791747860203355,3.305676444743341,3.3056849604913867,2.5760984743161686e-06,4.599876043968811e-05,2.934904589002585e-05,100000.0,10000000.0,1e-08,100000000.0,480,14,28,165292,21164,2877,1.4706064715177513e-16,3.782919136816818e-15,2,42ea7877e84194059c00d9b0c56c2023ddad868c25049e9d1245c92b0ad95cc1,0.0001214244396888775,1.8956542713333135e-07,6.528836182795317e-08,2.6695270361920542e-05,8.878378262547883e-06,1.4706064715177513e-16,3.782919136816818e-15,0.0001214244396888775,-0.5,True
1.0471975511965976,60,0.5623413251903491,0.09325775334864128,0.7629012104254682,2.144488817428118,-3.5205319446013386,3.882615988835666,3.8826278504877068,3.0550670153672854e-06,5.775452055431739e-05,4.101399848011056e-05,100000.0,10000000.0,1e-08,100000000.0,480,14,28,165292,21164,2877,2.1255197905967429e-16,1.0515858054445448e-15,2,42ea7877e84194059c00d9b0c56c2023ddad868c25049e9d1245c92b0ad95cc1,0.00013476264916501002,2.1810059136484483e-07,6.017265574698172e-08,2.6490007466795085e-05,1.0563496003221785e-05,2.1255197905967429e-16,4.902288401057025e-14,0.00013476264916501002,-0.25,True
1.0471975511965976,60,1.0,0.10672287216523169,0.7494360916088778,2.115806559071288,-4.252867332121032,4.760971930882905,4.760989284524187,3.644978700645396e-06,7.468054609232366e-05,6.018597052559471e-05,100000.0,10000000.0,1e-08,100000000.0,480,14,28,165292,21164,2877,1.393373236328216e-16,5.838161728090665e-15,2,42ea7877e84194059c00d9b0c56c2023ddad868c25049e9d1245c92b0ad95cc1,0.0001495355434681933,2.482663410408037e-07,4.8671966124125277e-08,2.5826995538658082e-05,1.2641530216800383e-05,1.393373236328216e-16,2.160414540769464e-14,0.0001495355434681933,0,True
1.1344640137963142,65,0.01,0.25671825080652755,0.6449054393532769,1.9058068064269176,-1.6487551109882823,2.2182101373770173,2.218214561969517,1.994667874205547e-06,2.2580547309976735e-05,1.524986397583028e-05,100000.0,10000000.0,1e-08,100000000.0,480,15,27,165292,21164,2877,1.5165482836919697e-16,7.0306392758703174e-15,2,42ea7877e84194059c00d9b0c56c2023ddad868c25049e9d1245c92b0ad95cc1,8.212395740203604e-05,1.3817070221300298e-07,4.2374605158101986e-08,2.0598135003768725e-05,6.874850907436071e-06,2.1097469895571781e-16,9.951434044072616e-15,8.212395740203604e-05,-2,True
1.1344640137963142,65,0.01333521432163324,0.255109877942429,0.6465138122173755,1.908874520731497,-1.6602418398189247,2.2288412621621636,2.2288457339016774,2.0063068597586664e-06,2.2675673401191416e-05,1.5413605053860024e-05,100000.0,10000000.0,1e-08,100000000.0,480,15,27,165292,21164,2877,2.8945428853717447e-16,2.5742545981214645e-17,2,42ea7877e84194059c00d9b0c56c2023ddad868c25049e9d1245c92b0ad95cc1,8.265003277241334e-05,1.3806044962816344e-07,4.1594045985249295e-08,2.0637464775763448e-05,6.915523916183932e-06,3.157334052605177e-16,2.410404589967603e-15,8.265003277241334e-05,-1.875,True
1.1344640137963142,65,0.01778279410038923,0.25300279548395543,0.648620894675849,1.9129009172345806,-1.6754986364786453,2.2429784560762136,2.2429829905508094,2.02163091822527e-06,2.2802270745776774e-05,1.5631425009932087e-05,100000.0,10000000.0,1e-08,100000000.0,480,15,27,165292,21164,2877,2.0331167157917104e-16,8.028294892321667e-15,2,42ea7877e84194059c00d9b0c56c2023ddad868c25049e9d1245c92b0ad95cc1,8.334234338902569e-05,1.3835843437615125e-07,4.0734631001626553e-08,2.068904915564218e-05,6.969048216930779e-06,2.360777975840624e-16,8.066433374526544e-15,8.334234338902569e-05,-1.75,True
1.1344640137963142,65,0.03162277660168379,0.2467112954315306,0.6549123947282739,1.9249738721302305,-1.7225329297683383,2.286683603937898,2.2866883335965476,2.068348520678498e-06,2.3194837968817025e-05,1.6309234400102568e-05,100000.0,10000000.0,1e-08,100000000.0,480,15,27,165292,21164,2877,2.339023445183145e-16,2.526425277637909e-16,2,42ea7877e84194059c00d9b0c56c2023ddad868c25049e9d1245c92b0ad95cc1,8.543085243661874e-05,1.3824718292365645e-07,3.790314551110896e-08,2.0842918919794506e-05,7.132265422298229e-06,2.339023445183145e-16,3.8350226739010556e-14,8.543085243661874e-05,-1.5,True
1.1344640137963142,65,0.05623413251903491,0.23644366391818894,0.6651800262416155,1.9448406121690671,-1.8045518237967149,2.363351253237936,2.363356329090149,2.147735003843465e-06,2.3887464998428092e-05,1.7511665308278523e-05,100000.0,10000000.0,1e-08,100000000.0,480,15,27,165292,21164,2877,2.685111548491014e-16,1.3317682236016993e-13,2,42ea7877e84194059c00d9b0c56c2023ddad868c25049e9d1245c92b0ad95cc1,8.891653408260591e-05,1.381983584236579e-07,3.264799486313308e-08,2.1093852396347756e-05,7.409675258506947e-06,2.940507457248289e-16,1.3317682236016993e-13,8.891653408260591e-05,-1.25,True
1.1344640137963142,65,0.1,0.22072018317253617,0.6809035069872683,1.975661950458974,-1.9454571055271974,2.496480806403242,2.4964864941982925,2.2783251671931737e-06,2.5101495484853765e-05,1.9637878836409328e-05,100000.0,10000000.0,1e-08,100000000.0,480,15,27,165292,21164,2877,2.986124803716511e-16,4.557664245212545e-17,2,42ea7877e84194059c00d9b0c56c2023ddad868c25049e9d1245c92b0ad95cc1,9.44857660588605e-05,1.386119398150143e-07,2.475958116310295e-08,2.1477972920291855e-05,7.86622464151937e-06,2.986124803716511e-16,5.518755154810531e-15,9.44857660588605e-05,-1,True
1.1344640137963142,65,0.1778279410038923,0.19913567385775366,0.7024880163020508,2.0187691949985713,-2.181325226220527,2.723713811461604,2.723720575859562,2.483520085361235e-06,2.720544718227038e-05,2.3380723876531562e-05,100000.0,10000000.0,1e-08,100000000.0,480,15,27,165292,21164,2877,3.39213638632683e-16,1.6381879828178314e-13,2,42ea7877e84194059c00d9b0c56c2023ddad868c25049e9d1245c92b0ad95cc1,0.0001027893500493704,1.3938757525977508e-07,1.208188593615489e-08,2.200384149964041e-05,8.584133831588186e-06,3.39213638632683e-16,1.6381879828178314e-13,0.0001027893500493704,-0.75,True
1.1344640137963142,65,0.31622776601683794,0.1747502638513465,0.726873426308458,2.0686028471131395,-2.5589995659480262,3.100878987117991,3.1008876202453335,2.784090375129722e-06,3.0775409959767e-05,2.988269058867843e-05,100000.0,10000000.0,1e-08,100000000.0,480,15,27,165292,21164,2877,2.0014068143400371e-16,1.9349293380951138e-14,2,42ea7877e84194059c00d9b0c56c2023ddad868c25049e9d1245c92b0ad95cc1,0.00011398206288082413,1.4180961704912676e-07,5.330007546433535e-09,2.259339803944993e-05,9.636845137401477e-06,2.0014068143400371e-16,1.3928638049037586e-13,0.00011398206288082413,-0.5,True
1.1344640137963142,65,0.5623413251903491,0.15686620503594673,0.7447574851238578,2.105930653535575,-3.120343275341767,3.700887443937414,3.7008992447973172,3.1886567970484947e-06,3.6624800988717885e-05,4.0918360233010986e-05,100000.0,10000000.0,1e-08,100000000.0,480,15,27,165292,21164,2877,3.233022411029292e-16,1.0933929949975283e-17,2,42ea7877e84194059c00d9b0c56c2023ddad868c25049e9d1245c92b0ad95cc1,0.00012714786139123024,1.4697890715620332e-07,2.7476403596793375e-08,2.3000812398477066e-05,1.105636441336284e-05,3.233022411029292e-16,7.611817715172194e-15,0.00012714786139123024,-0.25,True
1.1344640137963142,65,1.0,0.16160434188063588,0.7400193482791686,2.095976067632134,-3.858609342541556,4.602372764187428,4.602389703145664,3.6804837644233146e-06,4.5702737529306484e-05,5.8849988345155424e-05,100000.0,10000000.0,1e-08,100000000.0,480,15,27,165292,21164,2877,1.4338925167630392e-16,1.786068483303102e-17,2,42ea7877e84194059c00d9b0c56c2023ddad868c25049e9d1245c92b0ad95cc1,0.00014015025034197492,1.5691232380099507e-07,5.193250762758339e-08,2.2751211394278492e-05,1.278688002047259e-05,1.971384291236076e-16,3.209675884334898e-14,0.00014015025034197492,0,True
1.2217304763960306,70,0.01,0.3724331003908967,0.5653644432512038,1.760089118450214,-1.2526006344512501,1.995963514378253,1.9959681633445583,2.329184011440333e-06,1.853044210552356e-05,1.6143951378388977e-05,100000.0,10000000.0,1e-08,100000000.0,480,16,26,165292,21164,2877,3.651421590166009e-16,8.406779520947045e-15,2,42ea7877e84194059c00d9b0c56c2023ddad868c25049e9d1245c92b0ad95cc1,0.00010725733616812061,1.542962420053584e-07,2.390676390184865e-08,1.4959594831331913e-05,8.088299842203203e-06,3.651421590166009e-16,8.406779520947045e-15,0.00010725733616812061,-2,True
1.2217304763960306,70,0.01333521432163324,0.3697522391583521,0.5680453044837485,1.7648140036846989,-1.265147854639579,2.0073817524556854,2.007386447467992,2.3388736600793436e-06,1.877297401263519e-05,1.6303492979874434e-05,100000.0,10000000.0,1e-08,100000000.0,480,16,26,165292,21164,2877,2.6110056705660065e-16,6.794706587947599e-14,2,42ea7877e84194059c00d9b0c56c2023ddad868c25049e9d1245c92b0ad95cc1,0.00010787055695293812,1.5505624884060154e-07,2.4285025768122637e-08,1.5045143567982144e-05,8.121770041961338e-06,2.6110056705660065e-16,6.794706587947599e-14,0.00010787055695293812,-1.875,True
1.2217304763960306,70,0.01778279410038923,0.36624659037339424,0.5715509532687063,1.7710116788413532,-1.2818038496376127,2.022559295409274,2.02256405188549,2.3517116292115503e-06,1.90952048026618e-05,1.6516572437730304e-05,100000.0,10000000.0,1e-08,100000000.0,480,16,26,165292,21164,2877,1.699617729872991e-16,1.199345055406536e-17,2,42ea7877e84194059c00d9b0c56c2023ddad868c25049e9d1245c92b0ad95cc1,0.00010867667317548957,1.565205693943028e-07,2.503153739841224e-08,1.5157070414772988e-05,8.16617464576637e-06,1.699617729872991e-16,1.44871190158073e-14,0.00010867667317548957,-1.75,True
1.2217304763960306,70,0.03162277660168379,0.3558220277005796,0.581975515941521,1.7895702655915753,-1.3330845629590242,2.069435187608981,2.0694401351020155,2.390745583058518e-06,2.00889151271263e-05,1.7178783300764167e-05,100000.0,10000000.0,1e-08,100000000.0,480,16,26,165292,21164,2877,3.2831844145708813e-16,3.952378829580696e-17,2,42ea7877e84194059c00d9b0c56c2023ddad868c25049e9d1245c92b0ad95cc1,0.00011109894338023896,1.6041816941481102e-07,2.676763788400649e-08,1.5489975325855276e-05,8.301194163327471e-06,3.2831844145708813e-16,1.1891500673149742e-15,0.00011109894338023896,-1.5,True
1.2217304763960306,70,0.05623413251903491,0.3389421756951687,0.5988553679469318,1.8200343380058988,-1.4222667787037688,2.1515013156366845,2.1515066011740975,2.456674032424999e-06,2.1822422546578238e-05,1.8350991701332475e-05,100000.0,10000000.0,1e-08,100000000.0,480,16,26,165292,21164,2877,2.1178210268269615e-16,1.1541446530119537e-17,2,42ea7877e84194059c00d9b0c56c2023ddad868c25049e9d1245c92b0ad95cc1,0.00011511369028172069,1.6724742657459046e-07,3.011434812627556e-08,1.6030094735941525e-05,8.529389021499131e-06,2.9115601011333457e-16,1.1541446530119537e-17,0.00011511369028172069,-1.25,True
1.2217304763960306,70,0.1,0.31338604609679144,0.6244114975453091,1.8671468135564644,-1.5747654174925017,2.293523760390246,2.2935296426760505,2.5647372423609482e-06,2.4802631003646812e-05,2.042122410306213e-05,100000.0,10000000.0,1e-08,100000000.0,480,16,26,165292,21164,2877,2.683616030373213e-16,1.2701714830827776e-13,2,42ea7877e84194059c00d9b0c56c2023ddad868c25049e9d1245c92b0ad95cc1,0.0001214572389947044,1.7776006366876373e-07,3.4691649108964384e-08,1.6850175287630442e-05,8.903864200468293e-06,2.683616030373213e-16,1.2701714830827776e-13,0.0001214572389947044,-1,True
1.2217304763960306,70,0.1778279410038923,0.27876354089297617,0.6590340027491244,1.9329242327617768,-1.8280428462077887,2.534595725334133,2.5346026535249675,2.733450058745035e-06,2.979756191794038e-05,2.405209086275839e-05,100000.0,10000000.0,1e-08,100000000.0,480,16,26,165292,21164,2877,1.5527304226870786e-16,2.774788898959043e-15,2,42ea7877e84194059c00d9b0c56c2023ddad868c25049e9d1245c92b0ad95cc1,0.00013077094161206837,1.9318667399126355e-07,4.0433547288110105e-08,1.7967369301707947e-05,9.489517646680173e-06,1.8113189493707742e-16,1.67038264177282e-14,0.00013077094161206837,-0.75,True
1.2217304763960306,70,0.31622776601683794,0.23977754837578313,0.6980199952663174,2.0097694123501646,-2.2284698627762736,2.9313391863330827,2.931347921088989,2.9797834200095963e-06,3.782134493863142e-05,3.0330776010334404e-05,100000.0,10000000.0,1e-08,100000000.0,480,16,26,165292,21164,2877,1.8072906512798282e-16,7.097057731713921e-18,2,42ea7877e84194059c00d9b0c56c2023ddad868c25049e9d1245c92b0ad95cc1,0.00014308877346935756,2.130160527968883e-07,4.5432968498460014e-08,1.9239314655083994e-05,1.0347071451760674e-05,1.8072906512798282e-16,2.337210989324315e-14,0.00014308877346935756,-0.5,True
1.2217304763960306,70,0.5623413251903491,0.20896919346240928,0.7288283501796913,2.0726507635941718,-2.8122835271831392,3.5552136578507527,3.5552254233408713,3.3093623199587086e-06,4.9870661099121866e-05,4.088097982979377e-05,100000.0,10000000.0,1e-08,100000000.0,480,16,26,165292,21164,2877,1.2017058588408692e-16,8.873653158353301e-17,2,42ea7877e84194059c00d9b0c56c2023ddad868c25049e9d1245c92b0ad95cc1,0.00015726831564655264,2.3529626469454001e-07,4.678621945419792e-08,2.0267141343954798e-05,1.1498881294945213e-05,3.058549556161273e-16,4.696272369400858e-14,0.00015726831564655264,-0.25,True
1.2217304763960306,70,1.0,0.2054612805894298,0.7323362630526707,2.0799342092665514,-3.560335730102501,4.481009726931548,4.481026338978535,3.7072106509050684e-06,6.626181842756776e-05,5.779003735595367e-05,100000.0,10000000.0,1e-08,100000000.0,480,16,26,165292,21164,2877,3.3955916400280304e-16,4.371506022195961e-18,2,42ea7877e84194059c00d9b0c56c2023ddad868c25049e9d1245c92b0ad95cc1,0.00017082639465548777,2.566453686236869e-07,4.094170091839544e-08,2.038726726016904e-05,1.2896655191044729e-05,3.3955916400280304e-16,2.4485148413219725e-16,0.00017082639465548777,0,True
1.3089969389957472,75,0.01,0.4880199569504283,0.47731181095203473,1.6117359226234709,-0.9211303114743651,1.7991527677284447,1.7991564427513766,2.0426408462448364e-06,1.1783535488211143e-05,1.2787753980725292e-05,100000.0,10000000.0,1e-08,100000000.0,480,18,24,165292,21164,2877,1.7364208728831903e-16,2.954052000241478e-17,2,42ea7877e84194059c00d9b0c56c2023ddad868c25049e9d1245c92b0ad95cc1,0.00010341658962209621,1.1664752763707043e-07,2.4150467181627278e-09,1.095638392911713e-05,7.107653229953741e-06,2.170189455219111e-16,8.15448108751992e-15,0.00010341658962209621,-2,True
1.3089969389957472,75,0.01333521432163324,0.48389373525557755,0.4814380326468855,1.6184000417150484,-0.9348968702386379,1.81144259254749,1.8114463156163116,2.055305995840584e-06,1.2021855454072695e-05,1.2954095834349921e-05,100000.0,10000000.0,1e-08,100000000.0,480,18,24,165292,21164,2877,1.3040462027728223e-16,1.398826639122703e-17,2,42ea7877e84194059c00d9b0c56c2023ddad868c25049e9d1245c92b0ad95cc1,0.00010413908988116116,1.1792524878817545e-07,1.8360349907098339e-09,1.1092195939865768e-05,7.15125938169101e-06,1.955765960479676e-16,5.667859233047627e-14,0.00010413908988116116,-1.875,True
1.3089969389957472,75,0.01778279410038923,0.4785122246780277,0.4868195432244354,1.6271329557168823,-0.9531601950071408,1.8277709279352694,1.8277747149078145,2.0719076374575707e-06,1.2338368976188629e-05,1.317530633004882e-05,100000.0,10000000.0,1e-08,100000000.0,480,18,24,165292,21164,2877,1.9595246977332625e-16,2.6775974516216654e-17,2,42ea7877e84194059c00d9b0c56c2023ddad868c25049e9d1245c92b0ad95cc1,0.00010508494291250337,1.1956528878087624e-07,9.530232158994068e-10,1.1269481086206845e-05,7.208401298368513e-06,2.8299856889530727e-16,9.257119708203969e-16,0.00010508494291250337,-1.75,True
1.3089969389957472,75,0.03162277660168379,0.46260351919075426,0.5027282487117088,1.6532255339642095,-1.0093088744767111,1.8781456718079539,1.8781496563347437,2.1215216954306726e-06,1.3313732153764508e-05,1.3859524456316663e-05,100000.0,10000000.0,1e-08,100000000.0,480,18,24,165292,21164,2877,1.3134881143974143e-16,3.61193552280284e-16,2,42ea7877e84194059c00d9b0c56c2023ddad868c25049e9d1245c92b0ad95cc1,0.00010790410314598375,1.2461277887343414e-07,1.7142420816185222e-09,1.1794671915477117e-05,7.379366075995111e-06,2.517128697499555e-16,3.61193552280284e-16,0.00010790410314598375,-1.5,True
1.3089969389957472,75,0.05623413251903491,0.4371363496015318,0.5281954183009313,1.6958692111025728,-1.1066683764424223,1.9661393583667703,1.9661436896123392,2.202918908178475e-06,1.5012159817173302e-05,1.5060486879603374e-05,100000.0,10000000.0,1e-08,100000000.0,480,18,24,165292,21164,2877,1.3260708991057296e-16,1.5270916290365167e-16,2,42ea7877e84194059c00d9b0c56c2023ddad868c25049e9d1245c92b0ad95cc1,0.00011249759458398234,1.3243623686598482e-07,5.25007626261953e-09,1.263872228773888e-05,7.659928486510638e-06,2.0992870873184844e-16,1.9545229644216036e-16,0.00011249759458398234,-1.25,True
1.3089969389957472,75,0.1,0.3992431310661153,0.5660886368363478,1.76136422535547,-1.2723097534716459,2.117844704346889,2.117849636908805,2.3290479729265456e-06,1.7918723786324152e-05,1.7143792400364788e-05,100000.0,10000000.0,1e-08,100000000.0,480,18,24,165292,21164,2877,2.0221525269980082e-16,2.4803004496809383e-17,2,42ea7877e84194059c00d9b0c56c2023ddad868c25049e9d1245c92b0ad95cc1,0.00011955949196351678,1.4423175254130172e-07,1.1024599233522281e-08,1.390435903192433e-05,8.094924224225247e-06,3.9313551137259715e-16,3.182971900657163e-14,0.00011955949196351678,-1,True
1.3089969389957472,75,0.1778279410038923,0.34909156120406426,0.6162402066983989,1.8519519791411914,-1.545115856895062,2.3737837225666487,2.3737896799519533,2.5096579978622913e-06,2.2745985196271674e-05,2.0695953971028302e-05,100000.0,10000000.0,1e-08,100000000.0,480,18,24,165292,21164,2877,2.0793347479267705e-16,4.888176173506833e-15,2,42ea7877e84194059c00d9b0c56c2023ddad868c25049e9d1245c92b0ad95cc1,0.0001295041309913314,1.6056259166674636e-07,1.8039877924813652e-08,1.5603188717960847e-05,8.718550798996484e-06,2.3100154356551233e-16,4.888176173506833e-15,0.0001295041309913314,-0.75,True
1.3089969389957472,75,0.31622776601683794,0.29393101153530876,0.6714007563671543,1.9569766491237541,-1.9707524237191916,2.7911612829852306,2.791168938742003,2.742857182491676e-06,3.037515673121469e-05,2.6587570879588185e-05,100000.0,10000000.0,1e-08,100000000.0,480,18,24,165292,21164,2877,1.4508628364934385e-16,9.511658162188452e-15,2,42ea7877e84194059c00d9b0c56c2023ddad868c25049e9d1245c92b0ad95cc1,0.00014189423820265556,1.8014677272137902e-07,2.5226837285785564e-08,1.7521382888241455e-05,9.525630439797439e-06,3.2639396316898145e-16,9.511658162188452e-15,0.00014189423820265556,-0.5,True
1.3089969389957472,75,0.5623413251903491,0.2500533315714779,0.7152784363309852,2.044755937345185,-2.579629314130635,3.439750348562954,3.439760708147767,3.0117257832085187e-06,4.1541038256594596e-05,3.598037324215042e-05,100000.0,10000000.0,1e-08,100000000.0,480,18,24,165292,21164,2877,1.755693432365677e-16,1.1119660302191327e-14,2,42ea7877e84194059c00d9b0c56c2023ddad868c25049e9d1245c92b0ad95cc1,0.0001550358738457991,1.9986621924150683e-07,2.9482284946702464e-08,1.9128567822934706e-05,1.046016995308458e-05,1.755693432365677e-16,2.733090583957437e-14,0.0001550358738457991,-0.25,True
1.3089969389957472,75,1.0,0.2389581202915686,0.7263736476108945,2.067569261779913,-3.3420354419001286,4.391394916637862,4.391409379777527,3.2935183329474427e-06,5.6196286228646804e-05,5.027001470692127e-05,100000.0,10000000.0,1e-08,100000000.0,480,18,24,165292,21164,2877,2.2914088278718777e-16,3.158688607331233e-15,2,42ea7877e84194059c00d9b0c56c2023ddad868c25049e9d1245c92b0ad95cc1,0.00016618899968834366,2.1642596348403487e-07,2.7805350355514236e-08,1.9629409731658498e-05,1.144739101383507e-05,2.499442483866136e-16,3.158688607331233e-15,0.00016618899968834366,0,True
1.3962634015954636,80,0.01,0.6046596800470418,0.3800314884869724,1.4623306352884222,-0.6416932421895463,1.6231414045142214,1.6231454175499542,2.4723882476873627e-06,9.127343189862878e-06,1.4048850006775915e-05,100000.0,10000000.0,1e-08,100000000.0,480,19,23,165292,21164,2877,1.3412441119186617e-16,3.218619006716791e-14,2,42ea7877e84194059c00d9b0c56c2023ddad868c25049e9d1245c92b0ad95cc1,9.360064432351045e-05,1.2946718497275356e-07,3.063958842197678e-08,5.399248072968099e-06,8.655345718927364e-06,1.3412441119186617e-16,3.218619006716791e-14,9.360064432351045e-05,-2,True
1.3962634015954636,80,0.01333521432163324,0.5985943831213476,0.3860967854126665,1.4712270572420287,-0.6568603210369753,1.6364004224573387,1.636404485008761,2.4826145033074454e-06,9.179578835462844e-06,1.4220052132030148e-05,100000.0,10000000.0,1e-08,100000000.0,480,19,23,165292,21164,2877,1.343319826407224e-16,1.1127600743710802e-15,2,42ea7877e84194059c00d9b0c56c2023ddad868c25049e9d1245c92b0ad95cc1,9.425832339204909e-05,1.2840659058266368e-07,3.188407038390295e-08,5.619052379057798e-06,8.689836507543964e-06,2.4795890916195366e-16,1.1380880440373387e-13,9.425832339204909e-05,-1.875,True
1.3962634015954636,80,0.01778279410038923,0.5907103750400159,0.3939807934939983,1.4828720676099767,-0.6769678600243153,1.6540068908184562,1.6540110190710706,2.4959101665444905e-06,9.249535644781552e-06,1.4447123393379613e-05,100000.0,10000000.0,1e-08,100000000.0,480,19,23,165292,21164,2877,2.899253696767097e-16,2.3033527049572758e-14,2,42ea7877e84194059c00d9b0c56c2023ddad868c25049e9d1245c92b0ad95cc1,9.511611789425611e-05,1.272940447494264e-07,3.3778571051357176e-08,5.904943378598482e-06,8.734621042739856e-06,3.727031833516973e-16,5.5080898346741494e-14,9.511611789425611e-05,-1.75,True
1.3962634015954636,80,0.03162277660168379,0.567577690155094,0.4171134783789202,1.5175747150828476,-0.7386884000830027,1.7082569128959675,1.708261244162477,2.5354889401363323e-06,9.46986940976388e-06,1.5149254576130033e-05,100000.0,10000000.0,1e-08,100000000.0,480,19,23,165292,21164,2877,1.4588384770100936e-16,8.102207764388586e-14,2,42ea7877e84194059c00d9b0c56c2023ddad868c25049e9d1245c92b0ad95cc1,9.765719477028423e-05,1.2316278197310737e-07,3.896363143240933e-08,6.744946824177589e-06,8.868253048920997e-06,1.4588384770100936e-16,1.581020634452248e-13,9.765719477028423e-05,-1.5,True
1.3962634015954636,80,0.05623413251903491,0.5310785072736951,0.45361266126031907,1.573988212775415,-0.8453617705945884,1.8027788952041066,1.8027835809796164,2.599195898289608e-06,9.868821812192666e-06,1.6375347874020285e-05,100000.0,10000000.0,1e-08,100000000.0,480,19,23,165292,21164,2877,2.3179396434584695e-16,1.5785257914158484e-17,2,42ea7877e84194059c00d9b0c56c2023ddad868c25049e9d1245c92b0ad95cc1,0.00010174505394167088,1.163188351194222e-07,4.7556656834757405e-08,8.07461474805482e-06,9.083392266008476e-06,2.3179396434584695e-16,5.161374034622702e-14,0.00010174505394167088,-1.25,True
1.3962634015954636,80,0.1,0.47795032542369853,0.5067408431103156,1.6598725845217153,-1.025852790701873,1.9650482332633599,1.9650535302180046,2.6955850522814018e-06,1.0592873637763704e-05,1.8489759695317076e-05,100000.0,10000000.0,1e-08,100000000.0,480,19,23,165292,21164,2877,3.1141222752410405e-16,2.795555470156494e-17,2,42ea7877e84194059c00d9b0c56c2023ddad868c25049e9d1245c92b0ad95cc1,0.00010790887087142043,1.0643051284731087e-07,6.015719322682855e-08,1.0021473220822585e-05,9.409315955879155e-06,3.1141222752410405e-16,1.676050323365917e-14,0.00010790887087142043,-1,True
1.3962634015954636,80,0.1778279410038923,0.4097097753222244,0.5749813932117898,1.7770974605303327,-1.3204600753941518,2.2369675461167553,2.2369738733945987,2.8285067676936393e-06,1.1892982194436852e-05,2.2055986018232332e-05,100000.0,10000000.0,1e-08,100000000.0,480,19,23,165292,21164,2877,1.5521535872432108e-16,8.535579978054749e-16,2,42ea7877e84194059c00d9b0c56c2023ddad868c25049e9d1245c92b0ad95cc1,0.00011635198028603355,9.373446885341252e-08,7.718367234232915e-08,1.2549025041552753e-05,9.859770230694778e-06,5.764249516611266e-16,2.1019483796226544e-15,0.00011635198028603355,-0.75,True
1.3962634015954636,80,0.31622776601683794,0.33714095586002935,0.6475502126739848,1.9108539046964401,-1.7738633466282498,2.676079269507074,2.676087279009404,2.992998907380695e-06,1.4151666931556665e-05,2.7884478944084634e-05,100000.0,10000000.0,1e-08,100000000.0,480,19,23,165292,21164,2877,2.3346533877459666e-16,5.764621040731617e-15,2,42ea7877e84194059c00d9b0c56c2023ddad868c25049e9d1245c92b0ad95cc1,0.00012648457970365623,7.991508477189768e-08,9.690985769417182e-08,1.5289291310782716e-05,1.0419900210661875e-05,2.3346533877459666e-16,3.066408981448105e-14,0.00012648457970365623,-0.5,True
1.3962634015954636,80,0.5623413251903491,0.2804850986748849,0.7042060698591293,2.02224052971057,-2.4105945169510896,3.3503052021737836,3.3503158401609783,3.175229285945491e-06,1.783448064745807e-05,3.7006647973569784e-05,100000.0,10000000.0,1e-08,100000000.0,480,19,23,165292,21164,2877,1.9915498977918307e-16,7.78585129634161e-15,2,42ea7877e84194059c00d9b0c56c2023ddad868c25049e9d1245c92b0ad95cc1,0.00013666744293505673,6.852095213449871e-08,1.1669767285837906e-07,1.7507835739061228e-05,1.1045754264285744e-05,1.9915498977918307e-16,1.2910690635255005e-13,0.00013666744293505673,-0.25,True
1.3962634015954636,80,1.0,0.26257853100195994,0.7221126375320542,2.058778071293621,-3.192870039382946,4.329776353977337,4.329790912924987,3.362517243310492e-06,2.337922566660365e-05,5.0653766871633366e-05,100000.0,10000000.0,1e-08,100000000.0,480,19,23,165292,21164,2877,1.7772454636041967e-16,1.6251680419045444e-14,2,42ea7877e84194059c00d9b0c56c2023ddad868c25049e9d1245c92b0ad95cc1,0.00014443591860768823,6.397260787771586e-08,1.3261641973461025e-07,1.8293538374902774e-05,1.1698933785599056e-05,1.999182337194704e-16,1.4715450298371487e-13,0.00014443591860768823,0,True
1.4835298641951802,85,0.01,0.7234391462240914,0.27274829328643446,1.3135695689305786,-0.4050030750268732,1.464426615326545,1.4644309041616128,2.928678721758615e-06,8.185684335459694e-06,1.5079072021695339e-05,100000.0,10000000.0,1e-08,100000000.0,480,20,22,165292,21164,2877,2.936468852893638e-16,1.8200170390210466e-15,2,42ea7877e84194059c00d9b0c56c2023ddad868c25049e9d1245c92b0ad95cc1,8.674124514573833e-05,1.5735342528966356e-07,4.5911027313216835e-08,2.6364415839363886e-07,1.0296912022684682e-05,2.936468852893638e-16,7.637421942374643e-15,8.674124514573833e-05,-2,True
1.4835298641951802,85,0.01333521432163324,0.7147768889685981,0.2814105505419279,1.3249974707148726,-0.4217788751075655,1.478768230184297,1.4787725705872907,2.935147580984676e-06,8.432255532222425e-06,1.5257127817580596e-05,100000.0,10000000.0,1e-08,100000000.0,480,20,22,165292,21164,2877,9.805857177518085e-17,7.925607918321363e-15,2,42ea7877e84194059c00d9b0c56c2023ddad868c25049e9d1245c92b0ad95cc1,8.761526603295877e-05,1.5859036039955754e-07,4.4378127284083746e-08,7.352052611153681e-08,1.0317457128274332e-05,1.764778455228127e-16,7.925607918321363e-15,8.761526603295877e-05,-1.875,True
1.4835298641951802,85,0.01778279410038923,0.7035638467634369,0.29262359274708905,1.3399383329899268,-0.44400219523800494,1.4978004214070362,1.4978048300222866,2.943392983123516e-06,8.762657565815241e-06,1.5492524210680703e-05,100000.0,10000000.0,1e-08,100000000.0,480,20,22,165292,21164,2877,1.1795168633271583e-16,5.0782010352390297e-17,2,42ea7877e84194059c00d9b0c56c2023ddad868c25049e9d1245c92b0ad95cc1,8.874858516638717e-05,1.6028217197927574e-07,4.2528611521319704e-08,5.102404309065278e-07,1.0343517059587286e-05,1.1795168633271583e-16,2.5430167665023457e-14,8.874858516638717e-05,-1.75,True
1.4835298641951802,85,0.03162277660168379,0.6709647492591613,0.32522269025136474,1.3843388904334448,-0.5120971535687378,1.556359546327411,1.556364165352781,2.967839520806592e-06,9.799347449018501e-06,1.6218904278497703e-05,100000.0,10000000.0,1e-08,100000000.0,480,20,22,165292,21164,2877,1.9803732088374615e-16,2.621949814975396e-14,2,42ea7877e84194059c00d9b0c56c2023ddad868c25049e9d1245c92b0ad95cc1,9.205685538560271e-05,1.645786580350972e-07,3.712675900047202e-08,1.7807720293916418e-06,1.0421052331236665e-05,1.9803732088374615e-16,2.621949814975396e-14,9.205685538560271e-05,-1.5,True
1.4835298641951802,85,0.05623413251903491,0.62042811875813,0.37575932075239604,1.4560966393508137,-0.6293658908036173,1.6580940841678786,1.658099068662326,3.0061589959551327e-06,1.1646274105516359e-05,1.748071210361246e-05,100000.0,10000000.0,1e-08,100000000.0,480,20,22,165292,21164,2877,1.20352467924502e-16,2.1138453228020625e-17,2,42ea7877e84194059c00d9b0c56c2023ddad868c25049e9d1245c92b0ad95cc1,9.723071239764458e-05,1.7202714885922177e-07,2.8519420158801267e-08,3.7542525745948296e-06,1.0542653924481752e-05,2.0055614999194043e-16,2.717186291536781e-13,9.723071239764458e-05,-1.25,True
1.4835298641951802,85,0.1,0.5487795131748308,0.4474079263356952,1.5642522688514133,-0.8265957739883829,1.831911001657727,1.8319166122868205,3.06271925243351e-06,1.4860902365268053e-05,1.964325321635041e-05,100000.0,10000000.0,1e-08,100000000.0,480,20,22,165292,21164,2877,1.4351982534334236e-16,2.1186709232259556e-14,2,42ea7877e84194059c00d9b0c56c2023ddad868c25049e9d1245c92b0ad95cc1,0.00010468448854095147,1.8233466270167753e-07,1.6572930805480723e-08,6.561015988060248e-06,1.0722820703939712e-05,2.1524620272962776e-16,2.1186709232259556e-14,0.00010468448854095147,-1,True
1.4835298641951802,85,0.1778279410038923,0.4599509650390964,0.5362364744714295,1.7095607641876192,-1.1454513131148805,2.121013535739036,2.121020192116563,3.138300352478751e-06,2.020990822412133e-05,2.3257727274073048e-05,100000.0,10000000.0,1e-08,100000000.0,480,20,22,165292,21164,2877,3.933861620857382e-16,1.618129344650035e-17,2,42ea7877e84194059c00d9b0c56c2023ddad868c25049e9d1245c92b0ad95cc1,0.00011421244335518832,1.9528281902658762e-07,1.9933398265337132e-09,1.0060756203356114e-05,1.0965383710278507e-05,3.933861620857382e-16,7.42869529151352e-15,0.00011421244335518832,-0.75,True
1.4835298641951802,85,0.31622776601683794,0.3692179380854195,0.6269695014251064,1.8719290962908952,-1.6293125678447125,2.5830039663768236,2.583012303871527,3.227828842655711e-06,2.8515623259561017e-05,2.9074449031885052e-05,100000.0,10000000.0,1e-08,100000000.0,480,20,22,165292,21164,2877,3.830889879841739e-16,1.0083416641960538e-16,2,42ea7877e84194059c00d9b0c56c2023ddad868c25049e9d1245c92b0ad95cc1,0.00012455416367507244,2.0899112784800167e-07,1.2664593374012156e-08,1.3672542831133505e-05,1.1256060544369874e-05,3.830889879841739e-16,1.1415343137097386e-13,0.00012455416367507244,-0.5,True
1.4835298641951802,85,0.5623413251903491,0.3005206588012098,0.6956667807093161,2.0050455540188117,-2.297017675351939,3.28389637843376,3.2839072908559,3.323010498101908e-06,4.0245302807064144e-05,3.800188602021137e-05,100000.0,10000000.0,1e-08,100000000.0,480,20,22,165292,21164,2877,2.4563100733258515e-16,6.529766975042395e-16,2,42ea7877e84194059c00d9b0c56c2023ddad868c25049e9d1245c92b0ad95cc1,0.00013353310709363075,2.2083754058765948e-07,2.336777105149679e-08,1.645858577548065e-05,1.1572194016163265e-05,2.4563100733258515e-16,1.668262120381041e-14,0.00013353310709363075,-0.25,True
1.4835298641951802,85,1.0,0.2766310026197458,0.7195564368907801,2.053522141934462,-3.10594219112735,4.293717594168121,4.293732270142232,3.41801103331818e-06,5.497381221887126e-05,5.1092579432587826e-05,100000.0,10000000.0,1e-08,100000000.0,480,20,22,165292,21164,2877,1.7668452274954613e-16,7.358571741761364e-15,2,42ea7877e84194059c00d9b0c56c2023ddad868c25049e9d1245c92b0ad95cc1,0.00013879311108533354,2.2830313950450432e-07,2.624304973330993e-08,1.7476042541653136e-05,1.1899380504666535e-05,3.415523129514058e-16,7.358571741761364e-15,0.00013879311108533354,0,True
1.5707963267948966,90,0.01,0.8453958278352258,0.15460417216477415,1.1671958610441635,-0.20412939834716845,1.320335638352704,1.3203401631779415,3.4270265119040744e-06,6.76739962962442e-06,1.596076564708282e-05,100000.0,10000000.0,1e-08,100000000.0,480,21,21,165292,21164,2877,2.413388914311877e-16,6.841195323189108e-16,2,42ea7877e84194059c00d9b0c56c2023ddad868c25049e9d1245c92b0ad95cc1,8.184061147198385e-05,1.6764331278729117e-07,8.142350338413706e-08,6.2194827976647105e-06,1.2088415387314711e-05,2.413388914311877e-16,6.311840748146308e-14,8.184061147198385e-05,-2,True
1.5707963267948966,90,0.01333521432163324,0.8332538908667086,0.16674610913329135,1.1814542667787606,-0.22275485507289663,1.3358923709268307,1.3358969492793311,3.427186650695191e-06,6.830873919753673e-06,1.6145155436436687e-05,100000.0,10000000.0,1e-08,100000000.0,480,21,21,165292,21164,2877,1.9533586895554776e-16,1.176964086717053e-17,2,42ea7877e84194059c00d9b0c56c2023ddad868c25049e9d1245c92b0ad95cc1,8.305115835960386e-05,1.6504641209280635e-07,8.359443248728837e-08,5.715122782357085e-06,1.2085670812862954e-05,1.9533586895554776e-16,1.7301739976121024e-14,8.305115835960386e-05,-1.875,True
1.5707963267948966,90,0.01778279410038923,0.8176164173963163,0.18238358260368373,1.2000744332800433,-0.2474073923836572,1.3565222749312313,1.356526924089172,3.4272625126785528e-06,6.915821857727746e-06,1.6388918498810856e-05,100000.0,10000000.0,1e-08,100000000.0,480,21,21,165292,21164,2877,1.1193075578193563e-16,7.027391014545478e-15,2,42ea7877e84194059c00d9b0c56c2023ddad868c25049e9d1245c92b0ad95cc1,8.46108447098981e-05,1.6179855744091753e-07,8.554633024182579e-08,5.065332710940673e-06,1.2081569762384986e-05,1.4921761168464658e-16,1.373497867472838e-13,8.46108447098981e-05,-1.75,True
1.5707963267948966,90,0.03162277660168379,0.7726606704924643,0.22733932950753571,1.2552557409929688,-0.3227974774395182,1.4198928013853331,1.4198976681358126,3.4275478224543576e-06,7.183502636807089e-06,1.7138393321181056e-05,100000.0,10000000.0,1e-08,100000000.0,480,21,21,165292,21164,2877,1.3170487313211171e-16,1.368195242506421e-15,2,42ea7877e84194059c00d9b0c56c2023ddad868c25049e9d1245c92b0ad95cc1,8.909524135336522e-05,1.5219257365473027e-07,9.136510570328937e-08,3.197338799720839e-06,1.2070202274749055e-05,1.7871432306638774e-16,5.556893799172137e-14,8.909524135336522e-05,-1.5,True
1.5707963267948966,90,0.05623413251903491,0.7044276896874633,0.29557231031253667,1.3438952637575563,-0.45211380951086544,1.529621665279818,1.5296269084743026,3.42777211104206e-06,7.667293429805769e-06,1.8435259925064784e-05,100000.0,10000000.0,1e-08,100000000.0,480,21,21,165292,21164,2877,2.0050134297300927e-16,1.116434555381805e-14,2,42ea7877e84194059c00d9b0c56c2023ddad868c25049e9d1245c92b0ad95cc1,9.590252501046059e-05,1.3769772788663204e-07,1.0023659435809407e-07,3.617908542752346e-07,1.2052169725049213e-05,2.0050134297300927e-16,1.116434555381805e-14,9.590252501046059e-05,-1.25,True
1.5707963267948966,90,0.1,0.6106362281558018,0.38936377184419824,1.4760413959833805,-0.6681812224446658,1.7160847278622389,1.71609061020762,3.4277709519692223e-06,8.535798341808896e-06,2.063810728358817e-05,100000.0,10000000.0,1e-08,100000000.0,480,21,21,165292,21164,2877,2.447754657410775e-16,8.565737893383239e-17,2,42ea7877e84194059c00d9b0c56c2023ddad868c25049e9d1245c92b0ad95cc1,0.00010526367256802338,1.1739544647504374e-07,1.1283406986528632e-07,3.53660915786147e-06,1.202627524650107e-05,2.447754657410775e-16,5.183382021894214e-14,0.00010526367256802338,-1,True
1.5707963267948966,90,0.1778279410038923,0.49896447988631076,0.5010355201136892,1.6504294390064855,-1.0139290081507484,2.023666920701908,2.02367385647354,3.4273286582120477e-06,1.0053103946960841e-05,2.427174667474219e-05,100000.0,10000000.0,1e-08,100000000.0,480,21,21,165292,21164,2877,1.0205813807375112e-16,7.35678530840497e-14,2,42ea7877e84194059c00d9b0c56c2023ddad868c25049e9d1245c92b0ad95cc1,0.00011641635332637623,9.275369028394209e-08,1.2823587547394766e-07,8.17940149211438e-06,1.1993943482716782e-05,4.489858539264106e-16,7.35678530840497e-14,0.00011641635332637623,-0.75,True
1.5707963267948966,90,0.31622776601683794,0.389927490703567,0.610072509296433,1.8405648520057374,-1.5311158361676058,2.50972763538119,2.5097362336190474,3.425964529402137e-06,1.2556934698813294e-05,3.001392941159864e-05,100000.0,10000000.0,1e-08,100000000.0,480,21,21,165292,21164,2877,1.306986017857425e-16,1.186614630644939e-16,2,42ea7877e84194059c00d9b0c56c2023ddad868c25049e9d1245c92b0ad95cc1,0.00012731449441316656,6.804907182189623e-08,1.4402581394179492e-07,1.2714599243790481e-05,1.1959038498231292e-05,1.9601751357634088e-16,4.92252709781305e-14,0.00012731449441316656,-0.5,True
1.5707963267948966,90,0.5623413251903491,0.3103524285038791,0.6896475714961209,1.9930130148615635,-2.2334051957213026,3.238473226080033,3.2384843154837415,3.4242690720720503e-06,1.6373913728378097e-05,3.8638490085229904e-05,100000.0,10000000.0,1e-08,100000000.0,480,21,21,165292,21164,2877,1.436370411729791e-16,6.217976354444533e-19,2,42ea7877e84194059c00d9b0c56c2023ddad868c25049e9d1245c92b0ad95cc1,0.00013527429048287853,4.8296777577228056e-08,1.5712707435167061e-07,1.602600775041374e-05,1.1931082145150033e-05,3.351015509220062e-16,9.05797159739885e-16,0.00013527429048287853,-0.25,True
1.5707963267948966,90,1.0,0.2812957208482314,0.7187042791517686,2.0517729625432093,-3.0773809329537745,4.281845847064902,4.281860506136202,3.4235401795701392e-06,2.1770614269179816e-05,5.1041663954087824e-05,100000.0,10000000.0,1e-08,100000000.0,480,21,21,165292,21164,2877,3.97800254915582e-16,7.366785062895308e-14,2,42ea7877e84194059c00d9b0c56c2023ddad868c25049e9d1245c92b0ad95cc1,0.00013817921652137244,3.688841265780951e-08,1.6592719886965313e-07,1.723554597143906e-05,1.1920481441216665e-05,3.97800254915582e-16,8.702485620173825e-14,0.00013817921652137244,0,True
1.6580627893946132,95,0.01,0.9714976844198664,0.024689755090659526,1.02499707106698,-0.033884145343242404,1.1888207906469195,1.1888255344739345,3.9903634361238005e-06,6.786859917006804e-06,1.677659679338167e-05,100000.0,10000000.0,1e-08,100000000.0,480,22,20,165292,21164,2877,5.094877472097942e-16,3.1168740009257864e-14,2,42ea7877e84194059c00d9b0c56c2023ddad868c25049e9d1245c92b0ad95cc1,7.862163837646374e-05,2.0426872604506485e-07,9.659422528507378e-08,1.271792796886384e-05,1.4111964499083472e-05,5.094877472097942e-16,8.306138002409194e-14,7.862163837646374e-05,-2,True
1.6580627893946132,95,0.01333521432163324,0.9546837723904676,0.04150366712005827,1.0423769843660122,-0.05463997121520496,1.2057484503346296,1.2057532497858439,3.9804747109517535e-06,6.96121156500443e-06,1.6967617789021006e-05,100000.0,10000000.0,1e-08,100000000.0,480,22,20,165292,21164,2877,1.4089095781061887e-16,2.9221117836789153e-15,2,42ea7877e84194059c00d9b0c56c2023ddad868c25049e9d1245c92b0ad95cc1,8.030261691915896e-05,2.0498210107078307e-07,9.355037877689654e-08,1.1970914599812588e-05,1.4072270036351285e-05,2.729332623796843e-16,3.694253633025257e-13,8.030261691915896e-05,-1.875,True
1.6580627893946132,95,0.01778279410038923,0.9331645217210142,0.06302291778951181,1.065051247571923,-0.08208583975055711,1.2281776365527437,1.2281825094726393,3.967601876597726e-06,7.210405312151394e-06,1.721987161135141e-05,100000.0,10000000.0,1e-08,100000000.0,480,22,20,165292,21164,2877,1.148439154922262e-16,2.3645787905522953e-17,2,42ea7877e84194059c00d9b0c56c2023ddad868c25049e9d1245c92b0ad95cc1,8.244979704796762e-05,2.0598198424703895e-07,9.011490786914322e-08,1.1015225808930218e-05,1.4020668589670992e-05,1.7665514143000742e-16,1.640879691923784e-13,8.244979704796762e-05,-1.75,True
1.6580627893946132,95,0.03162277660168379,0.8721351835490255,0.12405225596150042,1.1320750271225646,-0.16583349727660088,1.2969439278097603,1.2969490260338714,3.930951833597263e-06,8.083553269717076e-06,1.799354321410651e-05,100000.0,10000000.0,1e-08,100000000.0,480,22,20,165292,21164,2877,1.4275272679727586e-16,1.3673593967818227e-14,2,42ea7877e84194059c00d9b0c56c2023ddad868c25049e9d1245c92b0ad95cc1,8.850772845725441e-05,2.0827467495099228e-07,7.978877625269831e-08,8.308342555385373e-06,1.3873801964972736e-05,1.4275272679727586e-16,1.3673593967818227e-14,8.850772845725441e-05,-1.5,True
1.6580627893946132,95,0.05623413251903491,0.7818176304818188,0.2143698090287071,1.2390807933410204,-0.30885086893397606,1.415562905545581,1.4155683918704602,3.875719586821091e-06,9.854864396067737e-06,1.932675797722272e-05,100000.0,10000000.0,1e-08,100000000.0,480,22,20,165292,21164,2877,1.2706240550880969e-16,1.2455172198258326e-15,2,42ea7877e84194059c00d9b0c56c2023ddad868c25049e9d1245c92b0ad95cc1,9.737594614989131e-05,2.1247226900111826e-07,6.419792264455992e-08,4.312578683052237e-06,1.365305483882673e-05,1.2706240550880969e-16,3.97473796561243e-15,9.737594614989131e-05,-1.25,True
1.6580627893946132,95,0.1,0.6620487633914701,0.33413867611905584,1.3967368241868778,-0.5460951181429735,1.6158991564086205,1.6159052971239194,3.800184729785272e-06,1.3221797534678378e-05,2.1576294982894595e-05,100000.0,10000000.0,1e-08,100000000.0,480,22,20,165292,21164,2877,2.428898207135749e-16,2.940842075036418e-13,2,42ea7877e84194059c00d9b0c56c2023ddad868c25049e9d1245c92b0ad95cc1,0.00010889654566847984,2.177302530492753e-07,4.317781188145631e-08,9.61784334507776e-07,1.3352500926387322e-05,2.428898207135749e-16,2.940842075036418e-13,0.00010889654566847984,-1,True
1.6580627893946132,95,0.1778279410038923,0.5257661658641319,0.4704212736463941,1.6006683706019582,-0.9216042238664796,1.9433540113091967,1.9433612185233973,3.708647090761019e-06,1.901756500579067e-05,2.5246508681187052e-05,100000.0,10000000.0,1e-08,100000000.0,480,22,20,165292,21164,2877,3.9170024572235627e-16,1.0416063613225482e-13,2,42ea7877e84194059c00d9b0c56c2023ddad868c25049e9d1245c92b0ad95cc1,0.00012149669712369082,2.2340432326295456e-07,1.945368521827362e-08,6.915029968967978e-06,1.2991204142048731e-05,3.9170024572235627e-16,1.0416063613225482e-13,0.00012149669712369082,-0.75,True
1.6580627893946132,95,0.31622776601683794,0.39902717424644285,0.5971602652640831,1.8169518062586907,-1.4752265768257482,2.4547309189495685,2.454739781357033,3.6103376528373587e-06,2.793724651648788e-05,3.095253607976467e-05,100000.0,10000000.0,1e-08,100000000.0,480,22,20,165292,21164,2877,1.8953154554771847e-16,3.0621766994010763e-14,2,42ea7877e84194059c00d9b0c56c2023ddad868c25049e9d1245c92b0ad95cc1,0.00013229283985938256,2.2813033961899265e-07,2.73587241750306e-09,1.2376535255653742e-05,1.2609339720628082e-05,2.421415463744683e-16,2.262333484557841e-13,0.00013229283985938256,-0.5,True
1.6580627893946132,95,0.5623413251903491,0.3101138602895218,0.6860735792210041,1.9859027153885052,-2.2164287716112208,3.212745761991074,3.2127570479049834,3.5128562125841256e-06,4.0134326804931673e-05,3.932972910680732e-05,100000.0,10000000.0,1e-08,100000000.0,480,22,20,165292,21164,2877,1.516958172589831e-16,1.4601825242729266e-16,2,42ea7877e84194059c00d9b0c56c2023ddad868c25049e9d1245c92b0ad95cc1,0.00013844138090413072,2.30315255977942e-07,1.9376130033776917e-08,1.612483358526262e-05,1.224178071358906e-05,2.5084286218732717e-16,2.18554825364448e-13,0.00013844138090413072,-0.25,True
1.6580627893946132,95,1.0,0.2766310026814315,0.7195564368290944,2.053522141807789,-3.10594219086249,4.293717594168121,4.293732270318268,3.418052031856078e-06,5.497390438104952e-05,5.10931359656297e-05,100000.0,10000000.0,1e-08,100000000.0,480,22,20,165292,21164,2877,3.298110914974228e-16,5.496203224660142e-16,2,42ea7877e84194059c00d9b0c56c2023ddad868c25049e9d1245c92b0ad95cc1,0.00013861201119735878,2.2810460909017394e-07,2.6167334299387335e-08,1.747598569601383e-05,1.1899510120327011e-05,3.298110914974228e-16,5.5725572927223904e-14,0.00013861201119735878,0,True
1.7453292519943295,100,0.01,1.1025953255245857,-0.11790415699057152,0.8887812320006263,0.1096045765436134,1.0683193993799258,1.0683243690933903,4.651898549701272e-06,6.847605242531743e-06,1.7613009701378246e-05,100000.0,10000000.0,1e-08,100000000.0,480,23,19,165292,21164,2877,2.6596921365110643e-16,2.460669304104121e-17,2,42ea7877e84194059c00d9b0c56c2023ddad868c25049e9d1245c92b0ad95cc1,7.729013015733699e-05,2.1709357467258883e-07,1.4363504297065788e-07,2.011567451121188e-05,1.648665156843655e-05,2.6596921365110643e-16,8.893593162433143e-16,7.729013015733699e-05,-2,True
1.7453292519943295,100,0.01333521432163324,1.0794893687567295,-0.09479820022271539,0.9095564642413866,0.08638923499609591,1.0868023780699878,1.086807404582959,4.62504782161588e-06,6.918618959663909e-06,1.7807190464708134e-05,100000.0,10000000.0,1e-08,100000000.0,480,23,19,165292,21164,2877,1.4169732860254994e-16,9.732190088725687e-15,2,42ea7877e84194059c00d9b0c56c2023ddad868c25049e9d1245c92b0ad95cc1,7.970341127871983e-05,2.1137365346923787e-07,1.4532990366689091e-07,1.9006378761954323e-05,1.6384938811351576e-05,1.5000877799852496e-16,2.489165738663973e-13,7.970341127871983e-05,-1.875,True
1.7453292519943295,100,0.01778279410038923,1.050144929270374,-0.06545376073635979,0.9366423554111485,0.05572448114737466,1.1112685162425209,1.1112736175554692,4.590531337500536e-06,7.013990339826868e-06,1.806280292259571e-05,100000.0,10000000.0,1e-08,100000000.0,480,23,19,165292,21164,2877,1.3386381837716025e-16,2.4177540239006093e-17,2,42ea7877e84194059c00d9b0c56c2023ddad868c25049e9d1245c92b0ad95cc1,8.275625372711204e-05,2.0431323766167964e-07,1.4709224749331895e-07,1.7599135278878464e-05,1.6254219982467068e-05,1.3386381837716025e-16,3.3218406798319636e-17,8.275625372711204e-05,-1.75,True
1.7453292519943295,100,0.03162277660168379,0.968288572321655,0.01640259621235918,1.0165378573261148,-0.03761336156430079,1.1861137866708569,1.1861191175429582,4.494401937726877e-06,7.3188098688132956e-06,1.884764937033767e-05,100000.0,10000000.0,1e-08,100000000.0,480,23,19,165292,21164,2877,1.608006823939311e-16,1.9726468680618805e-16,2,42ea7877e84194059c00d9b0c56c2023ddad868c25049e9d1245c92b0ad95cc1,9.119354980491323e-05,1.8437636906121213e-07,1.5291074406675875e-07,1.3686302012150264e-05,1.5890254022962335e-05,1.608006823939311e-16,1.8123809085468835e-13,9.119354980491323e-05,-1.5,True
1.7453292519943295,100,0.05623413251903491,0.8507420666182164,0.1339491019157978,1.1433346246216567,-0.19622226826542774,1.3146521851104227,1.314657910154749,4.354797710881542e-06,7.878728530579256e-06,2.0196244145509468e-05,100000.0,10000000.0,1e-08,100000000.0,480,23,19,165292,21164,2877,2.330648294197023e-16,7.129828725741107e-17,2,42ea7877e84194059c00d9b0c56c2023ddad868c25049e9d1245c92b0ad95cc1,0.00010306373744428665,1.554453701313463e-07,1.6089620924475412e-07,8.10356861258299e-06,1.5362423897552117e-05,2.330648294197023e-16,7.129828725741107e-17,0.00010306373744428665,-1.25,True
1.7453292519943295,100,0.1,0.7011828866964165,0.2835082818375977,1.3277798767256317,-0.4572593833759244,1.5302315798472068,1.5302379650687816,4.1727158548443555e-06,8.89430046268308e-06,2.2457151687638177e-05,100000.0,10000000.0,1e-08,100000000.0,480,23,19,165292,21164,2877,1.4276390113155257e-16,3.9692257459679833e-16,2,42ea7877e84194059c00d9b0c56c2023ddad868c25049e9d1245c92b0ad95cc1,0.0001175855079549315,1.1918402897936886e-07,1.7109106820178965e-07,1.0809420862845087e-06,1.4675655621929143e-05,1.4276390113155257e-16,3.9692257459679833e-16,0.0001175855079549315,-1,True
1.7453292519943295,100,0.1778279410038923,0.5393091968692012,0.44538197166481297,1.5610863727247846,-0.8656616096534134,1.8790512069493945,1.8790586558675584,3.964191149341545e-06,1.0659922460298288e-05,2.6105867344528022e-05,100000.0,10000000.0,1e-08,100000000.0,480,23,19,165292,21164,2877,9.411561237498134e-17,2.0338502890861506e-13,2,42ea7877e84194059c00d9b0c56c2023ddad868c25049e9d1245c92b0ad95cc1,0.00013210983263145515,7.926862344298513e-08,1.8174121951819444e-07,6.372296895484908e-06,1.3893111187166859e-05,1.1292104048255145e-16,2.3258367138604463e-13,0.00013210983263145515,-0.75,True
1.7453292519943295,100,0.31622776601683794,0.39630212231389517,0.588389046220119,1.8010846130149116,-1.4591743508858577,2.417060594081733,2.4170696646648135,3.752733010786713e-06,1.3507279689204276e-05,3.1681371588376805e-05,100000.0,10000000.0,1e-08,100000000.0,480,23,19,165292,21164,2877,3.5705433241883564e-16,2.024820295520241e-14,2,42ea7877e84194059c00d9b0c56c2023ddad868c25049e9d1245c92b0ad95cc1,0.00014287131750911897,4.307885503873621e-08,1.9094781900097502e-07,1.2748454939259801e-05,1.3107396507125176e-05,3.5705433241883564e-16,8.96397499467241e-14,0.00014287131750911897,-0.5,True
1.7453292519943295,100,0.5623413251903491,0.2998795239063935,0.6848116446276207,1.9833982166420294,-2.2446519796024136,3.206093888478563,3.2061052791507905,3.5528192947609227e-06,1.772322793938186e-05,3.968357943850975e-05,100000.0,10000000.0,1e-08,100000000.0,480,23,19,165292,21164,2877,1.710000172120943e-16,3.675769299909928e-17,2,42ea7877e84194059c00d9b0c56c2023ddad868c25049e9d1245c92b0ad95cc1,0.00014706872674730143,1.5611724246689107e-08,1.9684687979637516e-07,1.684047499272978e-05,1.2377547513850698e-05,1.710000172120943e-16,6.59163656891327e-16,0.00014706872674730143,-0.25,True
1.7453292519943295,100,1.0,0.26257859692464824,0.7221125716093659,2.05877793557344,-3.192869753952449,4.329776353977337,4.329790913342674,3.3626137119213695e-06,2.3645325820948443e-05,5.06551915124831e-05,100000.0,10000000.0,1e-08,100000000.0,480,23,19,165292,21164,2877,1.55469715587446e-16,5.612737605502324e-16,2,42ea7877e84194059c00d9b0c56c2023ddad868c25049e9d1245c92b0ad95cc1,0.00014436995057609536,2.0893468066773835e-09,1.9845058463197063e-07,1.8293081260223332e-05,1.169926281895627e-05,2.5538664789384517e-16,5.612737605502324e-16,0.00014436995057609536,0,True
1.8325957145940461,105,0.01,1.239316401818755,-0.2739846339162919,0.7603437586769605,0.2291832660392271,0.9576579971012511,0.9576632336576482,5.468086115234527e-06,7.274466198261739e-06,1.8592869040628957e-05,100000.0,10000000.0,1e-08,100000000.0,480,24,18,165292,21164,2877,9.418994549107471e-17,4.851086202435468e-14,2,42ea7877e84194059c00d9b0c56c2023ddad868c25049e9d1245c92b0ad95cc1,9.604520711925524e-05,2.762154562852004e-07,1.5638108874505008e-07,2.896188666823285e-05,1.9414936331036737e-05,1.0202293540003556e-16,4.851086202435468e-14,9.604520711925524e-05,-2,True
1.8325957145940461,105,0.01333521432163324,1.2077068739266419,-0.2423751060241789,0.7847617534738859,0.20311988850977222,0.977916063488155,0.9779213560050328,5.412035935847825e-06,7.310574161180011e-06,1.8782743455486584e-05,100000.0,10000000.0,1e-08,100000000.0,480,24,18,165292,21164,2877,1.102523557931075e-16,1.2227090554653632e-13,2,42ea7877e84194059c00d9b0c56c2023ddad868c25049e9d1245c92b0ad95cc1,9.925315492687048e-05,2.7467425822713665e-07,1.5096122707447535e-07,2.7294019222301458e-05,1.9206907583141557e-05,1.102523557931075e-16,1.2227090554653632e-13,9.925315492687048e-05,-1.875,True
1.8325957145940461,105,0.01778279410038923,1.1679461718121673,-0.2026144039097043,0.8165930558157954,0.16873572326516537,1.0047012173274246,1.0047065836198388,5.341182355067531e-06,7.393533345691736e-06,1.903277292461536e-05,100000.0,10000000.0,1e-08,100000000.0,480,24,18,165292,21164,2877,2.6892971223988003e-16,1.566522970707459e-13,2,42ea7877e84194059c00d9b0c56c2023ddad868c25049e9d1245c92b0ad95cc1,0.00010326731728316219,2.7285381154484867e-07,1.4395667635724863e-07,2.5201117070272616e-05,1.8943714406203135e-05,2.6892971223988003e-16,3.525729410092297e-13,0.00010326731728316219,-1.75,True
1.8325957145940461,105,0.03162277660168379,1.0592487454683386,-0.09391697756587554,0.9103583392686807,0.06436952132372292,1.086428426710246,1.0864340200144738,5.148341197802608e-06,7.879087434949487e-06,1.9803200959359057e-05,100000.0,10000000.0,1e-08,100000000.0,480,24,18,165292,21164,2877,1.4428903160918982e-16,2.4122118813487956e-17,2,42ea7877e84194059c00d9b0c56c2023ddad868c25049e9d1245c92b0ad95cc1,0.00011410435975323097,2.6727910618085104e-07,1.2472611543579148e-07,1.951422523482904e-05,1.8227800812727295e-05,3.6868026411865177e-16,3.877987806308643e-16,0.00011410435975323097,-1.5,True
1.8325957145940461,105,0.05623413251903491,0.908649328750044,0.05668243915241905,1.0583196761334197,-0.11200251439690659,1.2260721554025862,1.2260781394866767,4.880694879361158e-06,9.338524575140702e-06,2.1131402209204064e-05,100000.0,10000000.0,1e-08,100000000.0,480,24,18,165292,21164,2877,2.4603667229277226e-16,1.3639196614934393e-15,2,42ea7877e84194059c00d9b0c56c2023ddad868c25049e9d1245c92b0ad95cc1,0.0001287030145996626,2.6015225496056615e-07,9.787075649914101e-08,1.1733556671944534e-05,1.7235039647618027e-05,2.4603667229277226e-16,1.9626374683452882e-14,0.0001287030145996626,-1.25,True
1.8325957145940461,105,0.1,0.7258883328021171,0.23944343510034605,1.2705418145230187,-0.399770720998274,1.4584228576803953,1.4584294990049098,4.553771548287955e-06,1.2727322277156732e-05,2.3370247267451294e-05,100000.0,10000000.0,1e-08,100000000.0,480,24,18,165292,21164,2877,1.4481427024150188e-16,3.840633862622408e-15,2,42ea7877e84194059c00d9b0c56c2023ddad868c25049e9d1245c92b0ad95cc1,0.00014546363803358275,2.513913481827501e-07,6.588439327437356e-08,2.4981898061327e-06,1.602432870849364e-05,1.4481427024150188e-16,9.580177797343975e-14,0.00014546363803358275,-1,True
1.8325957145940461,105,0.1778279410038923,0.5385654925672236,0.4267662753352395,1.532294484853478,-0.8445180933605865,1.8302014256782024,1.8302091239302352,4.206232125492093e-06,1.8942808779661396e-05,2.6980791684616534e-05,100000.0,10000000.0,1e-08,100000000.0,480,24,18,165292,21164,2877,1.447605171094145e-16,3.33861949444216e-13,2,42ea7877e84194059c00d9b0c56c2023ddad868c25049e9d1245c92b0ad95cc1,0.00016074628108020406,2.4384818941847186e-07,3.197226861040292e-08,6.6202394350955984e-06,1.4741979383290279e-05,2.351988751164623e-16,3.33861949444216e-13,0.00016074628108020406,-0.75,True
1.8325957145940461,105,0.31622776601683794,0.3815850177345418,0.5837467501679213,1.7927428225378328,-1.4818838133948118,2.3962611771891136,2.3962704696643966,3.877905869087428e-06,2.8440011709006667e-05,3.244557626280731e-05,100000.0,10000000.0,1e-08,100000000.0,480,24,18,165292,21164,2877,1.3847434388229123e-16,3.8423942979084513e-13,2,42ea7877e84194059c00d9b0c56c2023ddad868c25049e9d1245c92b0ad95cc1,0.00017034467920729046,2.366876613590918e-07,3.1277206380408984e-09,1.382145046990857e-05,1.3540083431500961e-05,2.5712647145183316e-16,3.8423942979084513e-13,0.00017034467920729046,-0.5,True
1.8325957145940461,105,0.5623413251903491,0.27965045270483113,0.685681315197632,1.9851238699658476,-2.3184759790726077,3.2185429806657377,3.218554498595812,3.5786162071449468e-06,4.1051508404811506e-05,4.010170025647852e-05,100000.0,10000000.0,1e-08,100000000.0,480,24,18,165292,21164,2877,2.005952109553475e-16,1.5785963581202855e-18,2,42ea7877e84194059c00d9b0c56c2023ddad868c25049e9d1245c92b0ad95cc1,0.00017185926640561622,2.282748928772449e-07,1.7185066258917914e-08,1.8116063521533832e-05,1.2459582021236116e-05,2.005952109553475e-16,2.6743989211071725e-14,0.00017185926640561622,-0.25,True
1.8325957145940461,105,1.0,0.23895812017009777,0.7263736477323653,2.0675692620310624,-3.3420354424335565,4.391394916637863,4.3914093792375795,3.2933953768576885e-06,5.6195936327208353e-05,5.0268070587389246e-05,100000.0,10000000.0,1e-08,100000000.0,480,24,18,165292,21164,2877,3.228804187853038e-16,2.8742577999375275e-14,2,42ea7877e84194059c00d9b0c56c2023ddad868c25049e9d1245c92b0ad95cc1,0.00016574137915659204,2.1659049176392386e-07,2.784156183377462e-08,1.9629525512043777e-05,1.1446948302676328e-05,3.228804187853038e-16,7.47777556147122e-14,0.00016574137915659204,0,True
1.9198621771937625,110,0.01,1.3818625710597066,-0.4440650274176059,0.6414237093437297,0.3268697933850674,0.8559880390423478,0.8559934576947954,6.330289911149478e-06,7.634005616271832e-06,1.9275580001809622e-05,100000.0,10000000.0,1e-08,100000000.0,480,26,16,165292,21164,2877,8.773438388848052e-17,4.3500418753251434e-16,2,42ea7877e84194059c00d9b0c56c2023ddad868c25049e9d1245c92b0ad95cc1,0.00010078901095078585,3.408089037648665e-07,1.7063342361289813e-07,3.9656278487454344e-05,2.2518515589744137e-05,1.2280839274878995e-16,7.63611907729007e-13,0.00010078901095078585,-2,True
1.9198621771937625,110,0.01333521432163324,1.3387249350834185,-0.40092739144131784,0.6696986851289292,0.2974970883777753,0.8782851734978119,0.8782906780798607,6.26741998499547e-06,7.68464197964817e-06,1.9569114467654636e-05,100000.0,10000000.0,1e-08,100000000.0,480,26,16,165292,21164,2877,1.2332118001565663e-16,2.5833259030988225e-17,2,42ea7877e84194059c00d9b0c56c2023ddad868c25049e9d1245c92b0ad95cc1,0.00010506801252652131,3.3789234854531003e-07,1.639845876866275e-07,3.719888271858096e-05,2.2281048409048873e-05,1.2332118001565663e-16,1.292224159386031e-15,0.00010506801252652131,-1.875,True
1.9198621771937625,110,0.01778279410038923,1.2851096092497873,-0.34731206560768657,0.7065847930359893,0.2588015407134288,0.9077264754226164,0.9077320931340737,6.188771187520814e-06,7.802521891918302e-06,1.9955518098080383e-05,100000.0,10000000.0,1e-08,100000000.0,480,26,16,165292,21164,2877,6.493958366959569e-17,6.113750356221795e-17,2,42ea7877e84194059c00d9b0c56c2023ddad868c25049e9d1245c92b0ad95cc1,0.00011034655583852526,3.3473700167263587e-07,1.5524471486116909e-07,3.4157003754087256e-05,2.198406528661572e-05,1.2985829716993795e-16,5.885042956652157e-13,0.00011034655583852526,-1.75,True
1.9198621771937625,110,0.03162277660168379,1.1421065577997067,-0.20430901415760608,0.8152104206997395,0.14172067819567338,0.9972845756732968,0.9972905366063652,5.977163603843039e-06,8.483817494075971e-06,2.112861013306433e-05,100000.0,10000000.0,1e-08,100000000.0,480,26,16,165292,21164,2877,8.99925470787105e-17,1.127057511862825e-14,2,42ea7877e84194059c00d9b0c56c2023ddad868c25049e9d1245c92b0ad95cc1,0.00012416945725890471,3.273423301308753e-07,1.316778124316187e-07,2.6119908185018303e-05,2.118613949162883e-05,1.4396495357811983e-16,1.1045799016865834e-12,0.00012416945725890471,-1.5,True
1.9198621771937625,110,0.05623413251903491,0.9522192288589262,-0.014421685216825464,0.9856818091669308,-0.05491938839065804,1.149403558776966,1.1494101005750752,5.691471945734605e-06,1.0459117007699378e-05,2.3116373805844026e-05,100000.0,10000000.0,1e-08,100000000.0,480,26,16,165292,21164,2877,1.6648667919252378e-16,7.113820292226129e-17,2,42ea7877e84194059c00d9b0c56c2023ddad868c25049e9d1245c92b0ad95cc1,0.00014177329576403608,3.1652232246326406e-07,1.0143570683407432e-07,1.5660980806964098e-05,2.0111625398516453e-05,1.6648667919252378e-16,1.8068884381098662e-13,0.00014177329576403608,-1.25,True
1.9198621771937625,110,0.1,0.7338039781586563,0.20399356548344447,1.2262902628458263,-0.37273516085069763,1.4002281411735469,1.400235625088221,5.344782363803091e-06,1.4798475333982632e-05,2.634549971031186e-05,100000.0,10000000.0,1e-08,100000000.0,480,26,16,165292,21164,2877,1.0966505772045767e-16,2.0007255086572928e-14,2,42ea7877e84194059c00d9b0c56c2023ddad868c25049e9d1245c92b0ad95cc1,0.00016038608599877602,3.0625434588316125e-07,6.500357951910729e-08,4.039939563549311e-06,1.8815148000261872e-05,1.2254720959868947e-16,2.0007255086572928e-14,0.00016038608599877602,-1,True
1.9198621771937625,110,0.1778279410038923,0.5226238043314186,0.415173739310682,1.514633869277881,-0.8576862797619116,1.7966674659189765,1.7966763841801163,4.96377950232052e-06,2.238222818593238e-05,3.1271048856917893e-05,100000.0,10000000.0,1e-08,100000000.0,480,26,16,165292,21164,2877,8.307892975918372e-17,3.5831264449437484e-17,2,42ea7877e84194059c00d9b0c56c2023ddad868c25049e9d1245c92b0ad95cc1,0.00017532403846942657,2.9591346684121334e-07,2.9488892550055823e-08,6.575128407626529e-06,1.7405028726850732e-05,1.1075423366167915e-16,2.2251484728990479e-13,0.00017532403846942657,-0.75,True
1.9198621771937625,110,0.31622776601683794,0.35476711414543505,0.5830304294966656,1.7914591036278906,-1.5436252507550645,2.3923536518301343,2.3923645631828263,4.560927973074058e-06,3.3593136372539734e-05,3.8128107774815234e-05,100000.0,10000000.0,1e-08,100000000.0,480,26,16,165292,21164,2877,1.112178318072594e-16,4.096971712556246e-15,2,42ea7877e84194059c00d9b0c56c2023ddad868c25049e9d1245c92b0ad95cc1,0.0001823800592439806,2.8609108471133737e-07,2.1880190992362714e-09,1.4335636705276045e-05,1.593748806563256e-05,1.112178318072594e-16,5.349580308713513e-14,0.0001823800592439806,-0.5,True
1.9198621771937625,110,0.5623413251903491,0.24933547558180014,0.6884620680603005,1.990651691040116,-2.4402636142090466,3.2508045003197203,3.250817949435599,4.1371653931587815e-06,4.827850434138471e-05,4.687306540507308e-05,100000.0,10000000.0,1e-08,100000000.0,480,26,16,165292,21164,2877,2.5421853853828426e-16,4.4008990108514124e-15,2,42ea7877e84194059c00d9b0c56c2023ddad868c25049e9d1245c92b0ad95cc1,0.00018024365885438431,2.7369741684157844e-07,2.5970316452905706e-08,1.87313950197332e-05,1.4418912426281882e-05,2.5421853853828426e-16,2.096642254380586e-13,0.00018024365885438431,-0.25,True
1.9198621771937625,110,1.0,0.20546128057724522,0.7323362630648554,2.0799342092918947,-3.5603357301571013,4.48100972693155,4.481026338785657,3.707167607336359e-06,6.626172378245486e-05,5.778928603339395e-05,100000.0,10000000.0,1e-08,100000000.0,480,26,16,165292,21164,2877,2.0373549840158083e-16,9.228396929471484e-15,2,42ea7877e84194059c00d9b0c56c2023ddad868c25049e9d1245c92b0ad95cc1,0.0001707416331651057,2.567075707560207e-07,4.102061068600449e-08,2.0387295616153267e-05,1.2896487522906178e-05,2.2311421461075026e-16,1.3027179020437869e-14,0.0001707416331651057,0,True
2.007128639793479,115,0.01,1.5296613048687404,-0.6280376147089359,0.5336379774882722,0.40399673996453467,0.7627454304305885,0.7627514455887638,7.886193656991836e-06,9.305478779603889e-06,2.1427017219244338e-05,100000.0,10000000.0,1e-08,100000000.0,480,27,15,165292,21164,2877,1.0313244909929445e-16,6.600870093472547e-13,2,42ea7877e84194059c00d9b0c56c2023ddad868c25049e9d1245c92b0ad95cc1,9.614129504154079e-05,3.825862329165375e-07,2.5887472476782136e-07,5.4661690953805575e-05,2.8091964060864006e-05,1.0313244909929445e-16,8.184298649474127e-12,9.614129504154079e-05,-2,True
2.007128639793479,115,0.01333521432163324,1.470867242548791,-0.5692435523889863,0.5659533909079151,0.3707615688283368,0.7874014909625376,0.7874075840088229,7.738169606197332e-06,9.449539057804927e-06,2.1688680892972823e-05,100000.0,10000000.0,1e-08,100000000.0,480,27,15,165292,21164,2877,6.544291033193694e-17,3.6462692159025734e-17,2,42ea7877e84194059c00d9b0c56c2023ddad868c25049e9d1245c92b0ad95cc1,9.982841502198525e-05,3.6146517135016154e-07,2.617333576537817e-07,5.074835164542435e-05,2.7544627666960703e-05,7.633776029077242e-17,2.7016769158074894e-15,9.982841502198525e-05,-1.875,True
2.007128639793479,115,0.01778279410038923,1.3988848045442772,-0.4972611143844727,0.6081941548334341,0.32704767582472916,0.8199050755978998,0.8199112734185072,7.559192877204524e-06,9.652218647921812e-06,2.2041708832909457e-05,100000.0,10000000.0,1e-08,100000000.0,480,27,15,165292,21164,2877,7.682450136798658e-17,4.825058151507157e-14,2,42ea7877e84194059c00d9b0c56c2023ddad868c25049e9d1245c92b0ad95cc1,0.00010430136010430857,3.3401740129335167e-07,2.673754722071209e-07,4.5991707602777154e-05,2.6883244766884712e-05,8.778528695714171e-17,7.625933630348132e-14,0.00010430136010430857,-1.75,True
2.007128639793479,115,0.03162277660168379,1.2125994395805346,-0.3109757494207301,0.7327316448207142,0.19525607703970566,0.9184223506183834,0.918428871240905,7.099808184252154e-06,1.033592581594616e-05,2.313142704046811e-05,100000.0,10000000.0,1e-08,100000000.0,480,27,15,165292,21164,2877,5.032421806423736e-17,3.0086425932379227e-16,2,42ea7877e84194059c00d9b0c56c2023ddad868c25049e9d1245c92b0ad95cc1,0.00011562955895638716,2.648481967071348e-07,2.7951245540336345e-07,3.387438285207267e-05,2.5186045423321282e-05,1.0063223496296079e-16,2.6162356668716084e-14,0.00011562955895638716,-1.5,True
2.007128639793479,115,0.05623413251903491,0.9773470551763759,-0.07572336501657136,0.9270726318117877,-0.024569458051629994,1.084603270918104,1.084610351314555,6.528098006830518e-06,1.1672389215527542e-05,2.5028343415320342e-05,100000.0,10000000.0,1e-08,100000000.0,480,27,15,165292,21164,2877,1.0966546087389647e-16,2.4320526115708527e-17,2,42ea7877e84194059c00d9b0c56c2023ddad868c25049e9d1245c92b0ad95cc1,0.0001292272503657932,1.8008165458827108e-07,2.964021305063014e-07,1.9078559848728638e-05,2.3076035345287265e-05,1.1541876893340058e-16,8.584018392416119e-14,0.0001292272503657932,-1.25,True
2.007128639793479,115,0.1,0.7225067213607178,0.17911696879908678,1.1961606494601293,-0.37622434732512083,1.3557962526875493,1.3558042672809039,5.91135529304232e-06,1.4149648391629932e-05,2.820868918834707e-05,100000.0,10000000.0,1e-08,100000000.0,480,27,15,165292,21164,2877,1.8233807949196236e-16,4.78226542345728e-13,2,42ea7877e84194059c00d9b0c56c2023ddad868c25049e9d1245c92b0ad95cc1,0.0001424537039518281,9.180176585577016e-08,3.1326063554271144e-07,3.959920284679619e-06,2.0805994361195446e-05,1.8233807949196236e-16,4.78226542345728e-13,0.0001424537039518281,-1,True
2.007128639793479,115,0.1778279410038923,0.49075159854998773,0.41087209160981686,1.5081324414278232,-0.9058096462221863,1.7787186835403357,1.7787281453680288,5.319462701214306e-06,1.8321018218170854e-05,3.315864465569529e-05,100000.0,10000000.0,1e-08,100000000.0,480,27,15,165292,21164,2877,7.238548783782495e-17,2.597057106230002e-14,2,42ea7877e84194059c00d9b0c56c2023ddad868c25049e9d1245c92b0ad95cc1,0.0001517262121214502,1.4811204152032076e-08,3.275849398409747e-07,8.538878943920025e-06,1.8641871231541128e-05,1.3816838613439138e-16,2.597057106230002e-14,0.0001517262121214502,-0.75,True
2.007128639793479,115,0.31622776601683794,0.31574903034039126,0.5858746598194133,1.796561678942273,-1.6462144798402751,2.405863568829446,2.4058750320933147,4.764719004679563e-06,2.4639734999704907e-05,4.002746169073923e-05,100000.0,10000000.0,1e-08,100000000.0,480,27,15,165292,21164,2877,2.0614066500333327e-16,1.2139188101260399e-15,2,42ea7877e84194059c00d9b0c56c2023ddad868c25049e9d1245c92b0ad95cc1,0.00015437872131229824,4.270654474503033e-08,3.3411001287841913e-07,1.6767113945492795e-05,1.66374611633586e-05,2.0614066500333327e-16,7.819824958395423e-14,0.00015437872131229824,-0.5,True
2.007128639793479,115,0.5623413251903491,0.2086839324641656,0.692939757695639,1.9995851972926575,-2.614818711698535,3.3043922889637574,3.3044062302575985,4.219018997053681e-06,3.3604114067970915e-05,4.854514059138282e-05,100000.0,10000000.0,1e-08,100000000.0,480,27,15,165292,21164,2877,8.481021585766767e-17,3.305561048061516e-14,2,42ea7877e84194059c00d9b0c56c2023ddad868c25049e9d1245c92b0ad95cc1,0.00014992415960357608,8.3440892417741e-08,3.3159638179736106e-07,2.106538771451394e-05,1.4691094865920523e-05,1.6959367933270339e-16,7.731034017517059e-14,0.00014992415960357608,-0.25,True
2.007128639793479,115,1.0,0.16160461155765227,0.7400190786021523,2.095975502395638,-3.8586081013874014,4.60237276418743,4.602389704534937,3.680785624071703e-06,4.645522636962464e-05,5.885571051633676e-05,100000.0,10000000.0,1e-08,100000000.0,480,27,15,165292,21164,2877,1.430517199044394e-16,3.37298330033221e-14,2,42ea7877e84194059c00d9b0c56c2023ddad868c25049e9d1245c92b0ad95cc1,0.0001398805139922743,1.1265819177541658e-07,3.216320371146608e-07,2.2749401663468838e-05,1.2788123329407893e-05,2.0561446870593552e-16,3.37298330033221e-14,0.0001398805139922743,0,True
2.0943951023931953,120,0.01,1.6807260098311563,-0.8245670460570468,0.4384247691121864,0.4612801546590179,0.6776296894743765,0.677636580622292,1.0169489357725325e-05,1.0031803864372256e-05,2.457544461292871e-05,100000.0,10000000.0,1e-08,100000000.0,480,28,14,165292,21164,2877,7.028607799650699e-17,6.352270452756388e-14,2,42ea7877e84194059c00d9b0c56c2023ddad868c25049e9d1245c92b0ad95cc1,0.00010207772069148469,5.538286269590742e-07,2.5570729689228244e-07,7.549195172629197e-05,3.6266776669704923e-05,7.529433549251961e-17,8.529497881952725e-12,0.00010207772069148469,-2,True
2.0943951023931953,120,0.01333521432163324,1.6006995036084257,-0.744540539834316,0.47495247155676423,0.4235148342234586,0.7050360982144788,0.7050430403803115,9.846539560598444e-06,9.940178930781592e-06,2.4737387280870937e-05,100000.0,10000000.0,1e-08,100000000.0,480,28,14,165292,21164,2877,9.086867906044109e-17,3.2328093043745145e-13,2,42ea7877e84194059c00d9b0c56c2023ddad868c25049e9d1245c92b0ad95cc1,0.00010777474886758398,5.360810371168867e-07,2.399812766284981e-07,6.905628883702164e-05,3.508669604793141e-05,9.086867906044109e-17,3.2328093043745145e-13,0.00010777474886758398,-1.875,True
2.0943951023931953,120,0.01778279410038923,1.5045674456869156,-0.6484084819128059,0.5228772835606178,0.37393271199271166,0.7410955962163623,0.7411026098207524,9.463832231437763e-06,9.890974227520794e-06,2.496629512194204e-05,100000.0,10000000.0,1e-08,100000000.0,480,28,14,165292,21164,2877,5.085131020245793e-17,2.5883958687835648e-14,2,42ea7877e84194059c00d9b0c56c2023ddad868c25049e9d1245c92b0ad95cc1,0.00011452481737395104,5.147366906044226e-07,2.2252414733081594e-07,6.140800137055535e-05,3.368835984103345e-05,5.085131020245793e-17,1.0119273767998017e-13,0.00011452481737395104,-1.75,True
2.0943951023931953,120,0.03162277660168379,1.2647908519548419,-0.40863188818073215,0.6645588192577514,0.22505172994391218,0.8499226022441787,0.8499298556233938,8.534164400275657e-06,1.0218665154586476e-05,2.5745336194676893e-05,100000.0,10000000.0,1e-08,100000000.0,480,28,14,165292,21164,2877,7.277447034233761e-17,2.7492449932700006e-17,2,42ea7877e84194059c00d9b0c56c2023ddad868c25049e9d1245c92b0ad95cc1,0.00013081484931509735,4.645753204357561e-07,1.7641768446097217e-07,4.279458856637497e-05,3.0291389035539943e-05,1.3513076142507565e-16,4.143023923237605e-13,0.00013081484931509735,-1.5,True
2.0943951023931953,120,0.05623413251903491,0.979279643665432,-0.12312067989132233,0.8841569561569108,-0.02138358251874701,1.032008435254199,1.0320161580714804,7.483288912757402e-06,1.2080617350493345e-05,2.7299298204396666e-05,100000.0,10000000.0,1e-08,100000000.0,480,28,14,165292,21164,2877,9.707576248511141e-17,1.0369781781872281e-12,2,42ea7877e84194059c00d9b0c56c2023ddad868c25049e9d1245c92b0ad95cc1,0.00014872810427812855,4.07567915416962e-07,1.2481600986102848e-07,2.1775752506725254e-05,2.6452592122149123e-05,9.707576248511141e-17,1.0369781781872281e-12,0.00014872810427812855,-1.25,True
2.0943951023931953,120,0.1,0.6897667210270724,0.16639224274703723,1.1810362637898166,-0.4112689890724097,1.325676569689672,1.3256851664757348,6.484829150110727e-06,1.6918524200616365e-05,3.0239310888524606e-05,100000.0,10000000.0,1e-08,100000000.0,480,28,14,165292,21164,2877,8.296362190712771e-17,8.342945979303589e-15,2,42ea7877e84194059c00d9b0c56c2023ddad868c25049e9d1245c92b0ad95cc1,0.00016397584898730777,3.577509484209429e-07,7.351939446120781e-08,2.3536678883662177e-06,2.2810473972247498e-05,9.725204383004345e-17,1.8045645130092876e-13,0.00016397584898730777,-1,True
2.0943951023931953,120,0.1778279410038923,0.4424852676698132,0.4136736961042964,1.5123635562416404,-0.9907339470971158,1.7770542904870825,1.7770643386825422,5.654411074251797e-06,2.556077578086796e-05,3.517831270416494e-05,100000.0,10000000.0,1e-08,100000000.0,480,28,14,165292,21164,2877,8.131058300269784e-17,5.32036435855576e-16,2,42ea7877e84194059c00d9b0c56c2023ddad868c25049e9d1245c92b0ad95cc1,0.00017214207279725446,3.217720200288099e-07,3.015986549392835e-08,1.1893238527904693e-05,1.9795857049771236e-05,1.125658364914235e-16,1.6582144295551316e-14,0.00017214207279725446,-0.75,True
2.0943951023931953,120,0.31622776601683794,0.26441959329490006,0.5917393704792095,1.8071289500773076,-1.7932796723146252,2.437911146039491,2.4379232300475273,4.956705684788787e-06,3.804247301827315e-05,4.2149090407672674e-05,100000.0,10000000.0,1e-08,100000000.0,480,28,14,165292,21164,2877,1.1309185859373572e-16,1.1993870615671746e-15,2,42ea7877e84194059c00d9b0c56c2023ddad868c25049e9d1245c92b0ad95cc1,0.00017120535007153492,2.978097058958795e-07,3.6790492874416714e-09,2.016511632862983e-05,1.728901829590713e-05,1.1309185859373572e-16,1.1993870615671746e-15,0.00017120535007153492,-0.5,True
2.0943951023931953,120,0.5623413251903491,0.15725986676412873,0.6988990970099809,2.0115369809674153,-2.850013049286325,3.3818408983836132,3.3818554237393386,4.295103217977214e-06,5.4179625403503105e-05,5.0517310086206635e-05,100000.0,10000000.0,1e-08,100000000.0,480,28,14,165292,21164,2877,1.1481568459914213e-16,1.042320965828588e-18,2,42ea7877e84194059c00d9b0c56c2023ddad868c25049e9d1245c92b0ad95cc1,0.00016235335441117105,2.7526289059220943e-07,2.962581213683535e-08,2.4130583967996166e-05,1.4937813931563698e-05,1.2299735449044268e-16,1.7129745718356405e-14,0.00016235335441117105,-0.25,True
2.0943951023931953,120,1.0,0.10672287218996868,0.7494360915841409,2.1158065590189494,-4.252867332003261,4.7609719308829055,4.760989284641127,3.6450032627755036e-06,7.468062334248601e-05,6.0186406396489645e-05,100000.0,10000000.0,1e-08,100000000.0,480,28,14,165292,21164,2877,1.1474838603891015e-16,9.754805653390107e-15,2,42ea7877e84194059c00d9b0c56c2023ddad868c25049e9d1245c92b0ad95cc1,0.0001487775965612892,2.482466082698309e-07,4.860939151196675e-08,2.582697461006589e-05,1.2641621767622623e-05,1.9668977800947562e-16,9.754805653390107e-15,0.0001487775965612892,0,True
2.181661564992912,125,0.01,1.8306309174298399,-1.0301164835265373,0.35696537756129665,0.49887822386696956,0.6006015588856382,0.6006097663308946,1.3665374548166298e-05,1.2916528554495612e-05,2.9294122139589263e-05,100000.0,10000000.0,1e-08,100000000.0,480,29,13,165292,21164,2877,8.820483198276449e-17,2.818375010831667e-17,2,42ea7877e84194059c00d9b0c56c2023ddad868c25049e9d1245c92b0ad95cc1,0.00011493176837662489,5.193793550795078e-07,4.0163461534348244e-07,0.00010516967488571893,4.877463554031038e-05,1.0211536173895775e-16,2.91534057415186e-12,0.00011493176837662489,-2,True
2.181661564992912,125,0.01333521432163324,1.7220164964386737,-0.9215020625353711,0.39792088990596897,0.45576775523941754,0.6312428559284716,0.6312510444073998,1.2971994615362803e-05,1.2928145741023061e-05,2.920085095392544e-05,100000.0,10000000.0,1e-08,100000000.0,480,29,13,165292,21164,2877,6.541906161861967e-17,4.6089361134356363e-14,2,42ea7877e84194059c00d9b0c56c2023ddad868c25049e9d1245c92b0ad95cc1,0.00012389865419359936,4.806732190054674e-07,3.984683547564316e-07,9.425039022570303e-05,4.625929732064056e-05,9.811269548311211e-17,4.6089361134356363e-14,0.00012389865419359936,-1.875,True
2.181661564992912,125,0.01778279410038923,1.5946462153431527,-0.7941317814398501,0.45197347638318613,0.39928378759716204,0.6714644393502903,0.6714726145274407,1.2175145355897143e-05,1.2983469673619067e-05,2.9120494052348178e-05,100000.0,10000000.0,1e-08,100000000.0,480,29,13,165292,21164,2877,8.012218639114199e-17,2.818375010831667e-17,2,42ea7877e84194059c00d9b0c56c2023ddad868c25049e9d1245c92b0ad95cc1,0.0001342217472213303,4.3354343182144817e-07,3.953879779139413e-07,8.16430874768237e-05,4.3368631822893255e-05,8.012218639114199e-17,2.5571190394445277e-13,0.0001342217472213303,-1.75,True
2.181661564992912,125,0.03162277660168379,1.2908782477598588,-0.49036381385655636,0.612403552752178,0.23044255747849252,0.7922302862218134,0.7922384925109666,1.0358464320292526e-05,1.3393827966239481e-05,2.913594248152296e-05,100000.0,10000000.0,1e-08,100000000.0,480,29,13,165292,21164,2877,6.77076721402739e-17,7.05469169190881e-16,2,42ea7877e84194059c00d9b0c56c2023ddad868c25049e9d1245c92b0ad95cc1,0.00015774642598298527,3.1572276748548234e-07,3.88854519028925e-07,5.264188629428013e-05,3.677711265050691e-05,7.736767527056192e-17,1.3941701802231714e-15,0.00015774642598298527,-1.5,True
2.181661564992912,125,0.05623413251903491,0.9529548664266253,-0.1524404325233228,0.8586100376665222,-0.04668612977750809,0.99236894937695,0.9923773992135912,8.51481361507922e-06,1.4698363098623805e-05,2.9857474084238333e-05,100000.0,10000000.0,1e-08,100000000.0,480,29,13,165292,21164,2877,1.0599982953205914e-16,1.1463707429539036e-12,2,42ea7877e84194059c00d9b0c56c2023ddad868c25049e9d1245c92b0ad95cc1,0.0001811195409262556,1.7768651849880968e-07,3.86931117146716e-07,2.2837346540405257e-05,3.0087070038803697e-05,1.0599982953205914e-16,1.1463707429539036e-12,0.0001811195409262556,-1.25,True
2.181661564992912,125,0.1,0.6338152723114747,0.16669916159182782,1.1813988017075683,-0.4800161527262721,1.3108579261518827,1.310867094382704,6.994069027932426e-06,1.77054203152285e-05,3.221138609355023e-05,100000.0,10000000.0,1e-08,100000000.0,480,29,13,165292,21164,2877,1.0261516343432406e-16,2.5327765741848875e-14,2,42ea7877e84194059c00d9b0c56c2023ddad868c25049e9d1245c92b0ad95cc1,0.0001980740775351375,4.8616575654136795e-08,3.903203524835419e-07,1.5949665939096747e-06,2.4572751517099234e-05,1.0261516343432406e-16,1.8445004823017454e-13,0.0001980740775351375,-1,True
2.181661564992912,125,0.1778279410038923,0.37761700099865425,0.4228974329046483,1.5263777318070675,-1.1158554763153694,1.7928758949165267,1.7928864950201513,5.912346557002124e-06,2.308539269409514e-05,3.7052104524537555e-05,100000.0,10000000.0,1e-08,100000000.0,480,29,13,165292,21164,2877,7.159050792914038e-17,8.486711638995853e-18,2,42ea7877e84194059c00d9b0c56c2023ddad868c25049e9d1245c92b0ad95cc1,0.00020383988164507372,4.4913690433467934e-08,3.952440663645973e-07,1.7097418729017377e-05,2.0666296328482146e-05,8.350885002025875e-17,1.7071274440404133e-15,0.00020383988164507372,-0.75,True
2.181661564992912,125,0.31622776601683794,0.20053696299324608,0.5999774709100565,1.8220777501745808,-1.9909757673658257,2.490391269145075,2.4904039506320292,5.092166484699234e-06,3.1214593671914325e-05,4.416387232963892e-05,100000.0,10000000.0,1e-08,100000000.0,480,29,13,165292,21164,2877,1.5662754524543294e-16,2.732741190654119e-18,2,42ea7877e84194059c00d9b0c56c2023ddad868c25049e9d1245c92b0ad95cc1,0.00019783001904438713,1.041537581736307e-07,3.944738977690321e-07,2.4786935369336405e-05,1.7733708303916405e-05,1.6341135420853209e-16,5.613979867922183e-15,0.00019783001904438713,-0.5,True
2.181661564992912,125,0.5623413251903491,0.09433931650034433,0.7061751174029582,2.026226340296102,-3.158108909127576,3.487077408421889,3.4870924831224124,4.323018607754747e-06,4.2842111919381695e-05,5.233756954181601e-05,100000.0,10000000.0,1e-08,100000000.0,480,29,13,165292,21164,2877,1.1129169108828442e-16,1.8721938776585242e-13,2,42ea7877e84194059c00d9b0c56c2023ddad868c25049e9d1245c92b0ad95cc1,0.0001834236086522001,1.4595665420724657e-07,3.838444322390444e-07,2.8150500502310827e-05,1.5009007088690322e-05,1.1129169108828442e-16,3.100772872846476e-13,0.0001834236086522001,-0.25,True
2.181661564992912,125,1.0,0.03989513191002836,0.7606193019932742,2.139600869358846,-4.766646253045133,4.964714180158129,4.964731877016498,3.5645271261319778e-06,6.0297133007978535e-05,6.122534690700121e-05,100000.0,10000000.0,1e-08,100000000.0,480,29,13,165292,21164,2877,9.594470548640176e-17,1.9133832361592156e-14,2,42ea7877e84194059c00d9b0c56c2023ddad868c25049e9d1245c92b0ad95cc1,0.00016555899099457427,1.8157833669985024e-07,3.6723021146212176e-07,2.9834058733468893e-05,1.2332099026303091e-05,2.9518215716870697e-16,1.9133832361592156e-14,0.00016555899099457427,0,True
2.2689280275926285,130,0.01,1.9708569190005805,-1.2373720101876369,0.29014571688312313,0.516399982751046,0.5319012231819272,0.5319113873414123,1.910911094404888e-05,1.4918969277728853e-05,3.629349096390122e-05,100000.0,10000000.0,1e-08,100000000.0,480,30,12,165292,21164,2877,4.9234293519459706e-17,1.0142894733887998e-12,2,42ea7877e84194059c00d9b0c56c2023ddad868c25049e9d1245c92b0ad95cc1,0.00013895625610560458,1.7479666603037458e-07,4.0544902568662167e-07,0.00014749868390606657,6.823351664203201e-05,4.9234293519459706e-17,1.0142894733887998e-12,0.00014749868390606657,-2,True
2.2689280275926285,130,0.01333521432163324,1.8244121739727963,-1.090927265159853,0.33590487636423155,0.4669350679467621,0.5663854594682026,0.5663954513216677,1.764143711313615e-05,1.4448407449474931e-05,3.5645865477274e-05,100000.0,10000000.0,1e-08,100000000.0,480,30,12,165292,21164,2877,3.883162629255415e-17,3.312111340154719e-15,2,42ea7877e84194059c00d9b0c56c2023ddad868c25049e9d1245c92b0ad95cc1,0.00015294693084455524,4.19318495481491e-08,3.6346230625206033e-07,0.0001285519016844816,6.293570020449155e-05,6.039493598548162e-17,1.8629838081223506e-13,0.00015294693084455524,-1.875,True
2.2689280275926285,130,0.01778279410038923,1.6578209293281247,-0.9243360205151812,0.3967947952308507,0.4022723617368599,0.6115225949829945,0.6115323911655595,1.601933051254001e-05,1.3950600423185888e-05,3.4905352406688905e-05,100000.0,10000000.0,1e-08,100000000.0,480,30,12,165292,21164,2877,5.2305061727789546e-17,2.5893008264041254e-14,2,42ea7877e84194059c00d9b0c56c2023ddad868c25049e9d1245c92b0ad95cc1,0.00016845777291263353,8.638437609675975e-08,3.17137012206814e-07,0.00010746228301306004,5.707941569625824e-05,8.716094089825133e-17,2.5893008264041254e-14,0.00016845777291263353,-1.75,True
2.2689280275926285,130,0.03162277660168379,1.2813444440501005,-0.547859535237157,0.5781860737366066,0.20994214538793665,0.7462103831364483,0.7462197743718163,1.2585238131634924e-05,1.3283630009269007e-05,3.3339687770583826e-05,100000.0,10000000.0,1e-08,100000000.0,480,30,12,165292,21164,2877,6.515319887802101e-17,2.885857432195795e-16,2,42ea7877e84194059c00d9b0c56c2023ddad868c25049e9d1245c92b0ad95cc1,0.0002013267245821737,2.8707252308635134e-07,2.1788339976680504e-07,6.216162468763997e-05,4.4678670417920867e-05,8.086670606331262e-17,1.5450419567292085e-11,0.0002013267245821737,-1.5,True
2.2689280275926285,130,0.05623413251903491,0.8936134649008329,-0.1601285560878894,0.8520342477356295,-0.10286690521209893,0.9669165850378783,0.9669257815366115,9.511160399489071e-06,1.4583174644253109e-05,3.246337024087609e-05,100000.0,10000000.0,1e-08,100000000.0,480,30,12,165292,21164,2877,6.375775643249244e-17,2.786159740540271e-17,2,42ea7877e84194059c00d9b0c56c2023ddad868c25049e9d1245c92b0ad95cc1,0.00022996090655080792,3.6314593709896315e-07,1.2848533736953272e-07,2.0555676310762827e-05,3.357411667481571e-05,7.083047205256278e-17,1.9506276007675555e-13,0.00022996090655080792,-1.25,True
2.2689280275926285,130,0.1,0.5536009779277625,0.17988393088518106,1.1970784112263946,-0.586056193844067,1.312852772668552,1.3128624304093943,7.356301516381336e-06,1.9980221529990897e-05,3.386201304900194e-05,100000.0,10000000.0,1e-08,100000000.0,480,30,12,165292,21164,2877,5.867749344489648e-17,3.3841405850024073e-15,2,42ea7877e84194059c00d9b0c56c2023ddad868c25049e9d1245c92b0ad95cc1,0.0002462587118282622,3.448368698366622e-07,6.353933745817386e-08,9.003502375426464e-06,2.579269645001609e-05,9.182818986956282e-17,3.3841405850024073e-15,0.0002462587118282622,-1,True
2.2689280275926285,130,0.1778279410038923,0.29610671215231565,0.43737819666062794,1.548641657420437,-1.286743259168257,1.828037404792949,1.8280485203888721,6.080617329873306e-06,2.9949659711937003e-05,3.8762818498128127e-05,100000.0,10000000.0,1e-08,100000000.0,480,30,12,165292,21164,2877,7.979749668790315e-17,6.943268408583272e-14,2,42ea7877e84194059c00d9b0c56c2023ddad868c25049e9d1245c92b0ad95cc1,0.0002462885092683331,3.092578114705091e-07,2.3228472478820095e-08,2.4596151297351376e-05,2.1204609050392248e-05,7.979749668790315e-17,7.520207882460764e-14,0.0002462885092683331,-0.75,True
2.2689280275926285,130,0.31622776601683794,0.12357581744480095,0.6099090913681426,1.8402640952859282,-2.249165388013745,2.56629772749577,2.5663110620158585,5.196014455366438e-06,4.394143970138673e-05,4.634028583527794e-05,100000.0,10000000.0,1e-08,100000000.0,480,30,12,165292,21164,2877,9.855267505092824e-17,1.086398028553127e-13,2,42ea7877e84194059c00d9b0c56c2023ddad868c25049e9d1245c92b0ad95cc1,0.000232249289715325,2.8458468370740064e-07,5.19835396950441e-09,3.078806267586831e-05,1.8057252414160635e-05,9.855267505092824e-17,1.086398028553127e-13,0.000232249289715325,-0.5,True
2.2689280275926285,130,0.5623413251903491,0.018794787299475035,0.7146901215134686,2.043553330919316,-3.557892807196912,3.6260435239685394,3.6260592432362335,4.335101768671024e-06,6.206630187945896e-05,5.445207496901361e-05,100000.0,10000000.0,1e-08,100000000.0,480,30,12,165292,21164,2877,1.0402152416889308e-16,3.738872841774653e-15,2,42ea7877e84194059c00d9b0c56c2023ddad868c25049e9d1245c92b0ad95cc1,0.0002104920195673543,2.5708514128641724e-07,3.1121636823172594e-08,3.3248428939369745e-05,1.5016939153950996e-05,2.9275486419629814e-16,7.102071564255036e-13,0.0002104920195673543,-0.25,True
2.2689280275926285,130,1.0,-0.04014068275024951,0.7736255915631931,2.167610896234754,-5.434782287290506,5.2250453976286435,5.225063506252337,3.465735188168395e-06,8.657768063817861e-05,6.244310783731777e-05,100000.0,10000000.0,1e-08,100000000.0,480,30,12,165292,21164,2877,6.590033688733008e-17,5.032421507940903e-16,2,42ea7877e84194059c00d9b0c56c2023ddad868c25049e9d1245c92b0ad95cc1,0.0001876665940394595,2.211746872315956e-07,5.3979859027109e-08,3.491356728968498e-05,1.1950730201436567e-05,1.8450055084792787e-16,1.2235133403147028e-13,0.0001876665940394595,0,True
2.356194490192345,135,0.01,2.086396815446191,-1.4329704057261634,0.23859913235466643,0.5128817799716011,0.4720943330093957,0.472107283374788,2.7431732361193895e-05,1.9793452436973315e-05,4.624106444095499e-05,100000.0,10000000.0,1e-08,100000000.0,480,31,11,165292,21164,2877,4.547859481744054e-17,2.039178522988783e-13,2,42ea7877e84194059c00d9b0c56c2023ddad868c25049e9d1245c92b0ad95cc1,0.00018495680276275905,5.923349917225096e-06,6.684903697262712e-07,0.00020593622836351244,9.794878101202433e-05,9.094238100878144e-17,2.039178522988783e-13,0.00020593622836351244,-2,True
2.356194490192345,135,0.01333521432163324,1.8916051679003572,-1.2381787581803296,0.2899117368026098,0.45578613835365583,0.5111972818943923,0.5112097521344782,2.4394183082643295e-05,1.9105521104009902e-05,4.44855223305507e-05,100000.0,10000000.0,1e-08,100000000.0,480,31,11,165292,21164,2877,5.588219548827752e-17,2.775557561562889e-17,2,42ea7877e84194059c00d9b0c56c2023ddad868c25049e9d1245c92b0ad95cc1,0.00020697493322985316,4.601457875841319e-06,6.260271268043738e-07,0.0001728291110405511,8.702222000417623e-05,5.588219548827752e-17,1.7203481512916124e-11,0.00020697493322985316,-1.875,True
2.356194490192345,135,0.01778279410038923,1.6782814724355968,-1.0248550627155693,0.3588484721600787,0.3813301159254682,0.5622004011935853,0.5622123152832983,2.1191891161453924e-05,1.8368705276943137e-05,4.244695379412855e-05,100000.0,10000000.0,1e-08,100000000.0,480,31,11,165292,21164,2877,4.848385845631563e-17,2.7755575615628914e-17,2,42ea7877e84194059c00d9b0c56c2023ddad868c25049e9d1245c92b0ad95cc1,0.00023025142050303593,3.3369476506450724e-06,5.816775983102929e-07,0.00013762227945934846,7.550146478730914e-05,4.848385845631563e-17,3.407286357424969e-12,0.00023025142050303593,-1.75,True
2.356194490192345,135,0.03162277660168379,1.2257989291385005,-0.5723725194184732,0.5641853089850828,0.1610513797284925,0.7132512999196148,0.7132619838651646,1.4979216373056659e-05,1.716923400501648e-05,3.7904815507999734e-05,100000.0,10000000.0,1e-08,100000000.0,480,31,11,165292,21164,2877,8.376791560105549e-17,2.7755575615628914e-17,2,42ea7877e84194059c00d9b0c56c2023ddad868c25049e9d1245c92b0ad95cc1,0.00027536228032931653,1.3486120697958626e-06,5.030010947759678e-07,6.796573576339782e-05,5.314370336552026e-05,2.0938574866813311e-16,2.1522419569550716e-13,0.00027536228032931653,-1.5,True
2.356194490192345,135,0.05623413251903491,0.7976509059352973,-0.14422449621526987,0.8656933813550283,-0.19374712012666195,0.9574894368675048,0.9574991700818799,1.0165349089374942e-05,1.7636201246699977e-05,3.4289158928280106e-05,100000.0,10000000.0,1e-08,100000000.0,480,31,11,165292,21164,2877,6.65855414737281e-17,1.521040442837292e-11,2,42ea7877e84194059c00d9b0c56c2023ddad868c25049e9d1245c92b0ad95cc1,0.0003085838200220792,3.761351232700605e-07,4.5464217846014066e-07,1.1941927731129454e-05,3.581152711246564e-05,2.8405221133560496e-16,1.521040442837292e-11,0.0003085838200220792,-1.25,True
2.356194490192345,135,0.1,0.448914338849855,0.20451207087017242,1.22692626582404,-0.7350689666520751,1.333856092568163,1.3338659422407027,7.384359223205905e-06,2.1324047629680423e-05,3.4413359321194825e-05,100000.0,10000000.0,1e-08,100000000.0,480,31,11,165292,21164,2877,5.3334254778950913e-17,4.801327334306268e-13,2,42ea7877e84194059c00d9b0c56c2023ddad868c25049e9d1245c92b0ad95cc1,0.0003209370444209325,1.4822390725921508e-07,4.4301792256895567e-07,2.1475421546179874e-05,2.5799904137287003e-05,1.3573795479755054e-16,4.801327334306268e-13,0.0003209370444209325,-1,True
2.356194490192345,135,0.1778279410038923,0.19786374176483368,0.45556266795519373,1.577060494839742,-1.5122913873737118,1.8853297950911796,1.8853412482176466,6.074866316208016e-06,2.8514769981609866e-05,3.979885196159216e-05,100000.0,10000000.0,1e-08,100000000.0,480,31,11,165292,21164,2877,1.0961215925560196e-16,1.39334317169029e-13,2,42ea7877e84194059c00d9b0c56c2023ddad868c25049e9d1245c92b0ad95cc1,0.0003111064737499891,1.5850350032486915e-07,4.4928968490065557e-07,3.5041859374529416e-05,2.1109756004077463e-05,2.6302680362774307e-16,1.39334317169029e-13,0.0003111064737499891,-0.75,True
2.356194490192345,135,0.31622776601683794,0.032503667388040225,0.6209227423319872,1.860644145081457,-2.5835024317693622,2.670296873161942,2.670310802137111,5.216264644225532e-06,3.911151727201902e-05,4.8265286943571795e-05,100000.0,10000000.0,1e-08,100000000.0,480,31,11,165292,21164,2877,8.924988640063012e-17,5.8367471481313926e-18,2,42ea7877e84194059c00d9b0c56c2023ddad868c25049e9d1245c92b0ad95cc1,0.00028547915992849227,1.9049129218462468e-07,4.488189679907606e-07,3.855194836921427e-05,1.8074876778183873e-05,1.912191399370901e-16,2.781903378317641e-13,0.00028547915992849227,-0.5,True
2.356194490192345,135,0.5623413251903491,-0.07106759650371552,0.7244940062237429,2.0636866231519275,-4.078361738880352,3.807753826362913,3.8077701470821395,4.286180244505999e-06,5.4400150014847476e-05,5.6358039832282714e-05,100000.0,10000000.0,1e-08,100000000.0,480,31,11,165292,21164,2877,1.4993510826135608e-16,1.027707507888516e-15,2,42ea7877e84194059c00d9b0c56c2023ddad868c25049e9d1245c92b0ad95cc1,0.00025391010394981706,2.2680486155834956e-07,4.3376398228822666e-07,3.980108311196773e-05,1.4800862241169286e-05,1.4993510826135608e-16,7.111440752409535e-14,0.00025391010394981706,-0.25,True
2.356194490192345,135,1.0,-0.13511501002321813,0.7885414197432455,2.2001849384065406,-6.309921579538599,5.558838993248386,5.558857414042133,3.313784365577277e-06,7.846565521165951e-05,6.322147956439039e-05,100000.0,10000000.0,1e-08,100000000.0,480,31,11,165292,21164,2877,1.0885778307821467e-16,1.754705069849213e-18,2,42ea7877e84194059c00d9b0c56c2023ddad868c25049e9d1245c92b0ad95cc1,0.00022457210637805147,2.684502882210893e-07,4.110172404647727e-07,4.142774887427869e-05,1.1373144579502566e-05,1.3748953945548331e-16,1.991578908933046e-14,0.00022457210637805147,0,True
2.443460952792061,140,0.01,2.1528987683742242,-1.5948396892130985,0.20294105953588543,0.48671060907561375,0.42216248505665016,0.4221791114106647,3.938377900225554e-05,2.4242748601054212e-05,5.933963350640559e-05,100000.0,10000000.0,1e-08,100000000.0,480,32,10,165292,21164,2877,5.84276420491209e-17,7.636146579918699e-16,2,42ea7877e84194059c00d9b0c56c2023ddad868c25049e9d1245c92b0ad95cc1,0.00028267032292905725,3.301562897872756e-05,6.854489296159727e-07,0.00028024371474089094,0.0001405611242278972,8.762715364469864e-17,2.0782269216722737e-14,0.00028267032292905725,-2,True
2.443460952792061,140,0.01333521432163324,1.9002371976676626,-1.3421781185065371,0.2612759583571598,0.42031571891259045,0.466894414051703,0.46690998211663404,3.334386632714015e-05,2.2432611831635785e-05,5.550961672479149e-05,100000.0,10000000.0,1e-08,100000000.0,480,32,10,165292,21164,2877,7.016520139597557e-17,1.1434454752108762e-14,2,42ea7877e84194059c00d9b0c56c2023ddad868c25049e9d1245c92b0ad95cc1,0.0003157019508435166,2.459968686641112e-05,5.537127754084992e-07,0.00022325965633496203,0.00011889115623183373,7.016520139597557e-17,5.450877544087823e-11,0.0003157019508435166,-1.875,True
2.443460952792061,140,0.01778279410038923,1.6361093995450595,-1.078050320383934,0.3402582739825191,0.3339475795376381,0.524984507030512,0.5249988607465268,2.7341218307386228e-05,2.0410808522035163e-05,5.110788925477561e-05,100000.0,10000000.0,1e-08,100000000.0,480,32,10,165292,21164,2877,7.869008176870738e-17,2.786159740540271e-17,2,42ea7877e84194059c00d9b0c56c2023ddad868c25049e9d1245c92b0ad95cc1,0.00034850434762123683,1.7000650271326023e-05,4.256986008144281e-07,0.00016599675761241883,9.73512333608832e-05,9.740991906130462e-17,1.402746024338634e-12,0.00034850434762123683,-1.75,True
2.443460952792061,140,0.03162277660168379,1.1147998826211956,-0.5567408034600699,0.5730737835466375,0.07983721644354064,0.6954468473367612,0.6954585475337163,1.6823998843173982e-05,1.6655008266112996e-05,4.144759466970238e-05,100000.0,10000000.0,1e-08,100000000.0,480,32,10,165292,21164,2877,5.866798781383703e-17,4.613207655356519e-17,2,42ea7877e84194059c00d9b0c56c2023ddad868c25049e9d1245c92b0ad95cc1,0.00040506542918428146,6.065798056731353e-06,2.0468506645165974e-07,6.320198246911879e-05,5.959850825182031e-05,1.0167460525240218e-16,1.3912137637394108e-15,0.00040506542918428146,-1.5,True
2.443460952792061,140,0.05623413251903491,0.6634716850348765,-0.10541260587375101,0.8999531200266724,-0.3253391725177339,0.9667512599985855,0.9667608888061052,9.959963765515667e-06,1.67179162627077e-05,3.3782069851440166e-05,100000.0,10000000.0,1e-08,100000000.0,480,32,10,165292,21164,2877,6.698152546162824e-17,8.806329805511987e-16,2,42ea7877e84194059c00d9b0c56c2023ddad868c25049e9d1245c92b0ad95cc1,0.0004372220399333493,1.2221098333320413e-06,6.84539194217848e-08,7.382769960262436e-06,3.494391085819697e-05,7.32491261123753e-17,3.079936861465929e-12,0.0004372220399333493,-1.25,True
2.443460952792061,140,0.1,0.3202142805109165,0.23784479865020908,1.2685123027248921,-0.9360938121333936,1.3770424786754085,1.3770519547142643,6.881442658812631e-06,2.353617266678429e-05,3.289420411556332e-05,100000.0,10000000.0,1e-08,100000000.0,480,32,10,165292,21164,2877,7.406678000002876e-17,6.876458138888927e-14,2,42ea7877e84194059c00d9b0c56c2023ddad868c25049e9d1245c92b0ad95cc1,0.00043775738386064855,2.4556352506976964e-08,1.7885586012234e-08,4.078953872155289e-05,2.3887574003675324e-05,7.406678000002876e-17,6.876458138888927e-14,0.00043775738386064855,-1,True
2.443460952792061,140,0.1778279410038923,0.08233958910421668,0.4757194900569089,1.6091715640191713,-1.806890954582732,1.9690191852331491,1.9690307487709509,5.872740036494406e-06,3.5507334392803565e-05,3.996724308286126e-05,100000.0,10000000.0,1e-08,100000000.0,480,32,10,165292,21164,2877,1.0593300817086423e-16,5.162499669498958e-14,2,42ea7877e84194059c00d9b0c56c2023ddad868c25049e9d1245c92b0ad95cc1,0.000410471736612128,2.0999161487456064e-07,9.054536898034371e-09,4.897725523533847e-05,2.029804655160269e-05,1.403385789616947e-16,5.162499669498958e-14,0.000410471736612128,-0.75,True
2.443460952792061,140,0.31622776601683794,-0.07455877520157639,0.6326178543627019,1.882532329712872,-3.019254722608482,2.809762287820971,2.809776820257823,5.172123248575744e-06,5.14560134951234e-05,5.0156902340336984e-05,100000.0,10000000.0,1e-08,100000000.0,480,32,10,165292,21164,2877,1.241902523633414e-16,2.1210766140148184e-15,2,42ea7877e84194059c00d9b0c56c2023ddad868c25049e9d1245c92b0ad95cc1,0.0003672954853621846,2.2763900009437066e-07,1.2793677228728484e-09,4.841132561228534e-05,1.785094153969683e-05,1.241902523633414e-16,5.428159690971612e-14,0.0003672954853621846,-0.5,True
2.443460952792061,140,0.5623413251903491,-0.17776353585413252,0.735822615015258,2.087198247117738,-4.765424716608504,4.046164252446943,4.0461812279850236,4.19546440055818e-06,7.253993022717521e-05,5.8366004069831945e-05,100000.0,10000000.0,1e-08,100000000.0,480,32,10,165292,21164,2877,1.7096221921269543e-16,1.7798592937744648e-16,2,42ea7877e84194059c00d9b0c56c2023ddad868c25049e9d1245c92b0ad95cc1,0.0003216900904876585,2.0420199087212154e-07,2.4377506235850888e-08,4.8191758590387934e-05,1.4425020940396757e-05,1.7096221921269543e-16,7.809315493162279e-15,0.0003216900904876585,-0.25,True
2.443460952792061,140,1.0,-0.24744228157519155,0.8055013607363171,2.2378181717814485,-7.474324372696611,5.9917196034581295,5.991738310446168,3.1221400993430848e-06,0.0001034189513503126,6.377181262973153e-05,100000.0,10000000.0,1e-08,100000000.0,480,32,10,165292,21164,2877,8.82819836020789e-17,1.4808786730109966e-18,2,42ea7877e84194059c00d9b0c56c2023ddad868c25049e9d1245c92b0ad95cc1,0.0002827755504526408,1.6183807849401433e-07,5.1556695801480146e-08,4.978498034335921e-05,1.0643323928730833e-05,9.31762426339183e-17,1.5925406190974172e-15,0.0002827755504526408,0,True
2.530727415391778,145,0.01,2.134985556756118,-1.6908496275772658,0.18436281769728283,0.43546570950414015,0.38367511102849344,0.3836976209682813,5.866927288433743e-05,3.236676259823458e-05,8.021177261208212e-05,100000.0,10000000.0,1e-08,100000000.0,480,33,8,161448,20683,2877,2.3672753622876e-17,2.818375010831667e-17,2,42ea7877e84194059c00d9b0c56c2023ddad868c25049e9d1245c92b0ad95cc1,0.0004045489680848391,0.00013637753281603437,7.922673703752992e-07,0.00036909680870156336,0.00020906170430775017,3.087240678671718e-17,3.982423942575672e-11,0.0004045489680848391,-2,True
2.530727415391778,145,0.01333521432163324,1.8210496385003179,-1.3769137093214656,0.25235619700334405,0.357473775698473,0.4353863139765996,0.43540723256912306,4.8046049799799206e-05,2.9835107789106144e-05,7.444811106621652e-05,100000.0,10000000.0,1e-08,100000000.0,480,33,8,161448,20683,2877,3.6533422768223455e-17,1.5866922262056227e-11,2,42ea7877e84194059c00d9b0c56c2023ddad868c25049e9d1245c92b0ad95cc1,0.0004477353937581974,9.56799683233811e-05,5.700080454307255e-07,0.000276716535196897,0.00017099322756897184,5.0094709340770703e-17,1.5866922262056227e-11,0.0004477353937581974,-1.875,True
2.530727415391778,145,0.01778279410038923,1.5102909519434333,-1.0661550227645809,0.34432991610572544,0.256252236894554,0.5021688821222919,0.5021880690403101,3.8208098313674554e-05,2.7310202865393732e-05,6.816047960600535e-05,100000.0,10000000.0,1e-08,100000000.0,480,33,8,161448,20683,2877,3.8266622007031294e-17,5.950940018972501e-14,2,42ea7877e84194059c00d9b0c56c2023ddad868c25049e9d1245c92b0ad95cc1,0.00048721513391081217,6.183212160637552e-05,3.671340866873152e-07,0.00019002952208846402,0.00013573218499310835,3.8266622007031294e-17,5.950940018972501e-14,0.00048721513391081217,-1.75,True
2.530727415391778,145,0.03162277660168379,0.9426239150555427,-0.4984879858766903,0.607448436307075,-0.039929309513929416,0.695922518111558,0.6959384504794784,2.2893881870045263e-05,2.457973870762051e-05,5.6245798549937887e-05,100000.0,10000000.0,1e-08,100000000.0,480,33,8,161448,20683,2877,2.6335477411454318e-17,1.2999026058522277e-12,2,42ea7877e84194059c00d9b0c56c2023ddad868c25049e9d1245c92b0ad95cc1,0.0005450293996009936,1.9017708279056578e-05,7.082287512005792e-08,5.1080453149721095e-05,8.082192641583924e-05,3.1373266995380885e-17,1.6532932660601573e-12,0.0005450293996009936,-1.5,True
2.530727415391778,145,0.05623413251903491,0.4919568858683757,-0.04782095668952335,0.953304454584052,-0.5073276089915906,0.9985916448424724,0.9986063313190839,1.4707189557761069e-05,2.9818069554889034e-05,5.137988131009852e-05,100000.0,10000000.0,1e-08,100000000.0,480,33,8,161448,20683,2877,4.866751039159103e-17,9.364534214308787e-16,2,42ea7877e84194059c00d9b0c56c2023ddad868c25049e9d1245c92b0ad95cc1,0.000564024911042238,3.328176217953782e-06,4.9815772507066924e-08,2.766914059404435e-05,5.14523444848206e-05,4.866751039159103e-17,3.571060570008375e-13,0.000564024911042238,-1.25,True
2.530727415391778,145,0.1,0.16807456702626877,0.2760613621525836,1.3179287324901239,-1.203914178967815,1.4471419327383752,1.447159254089017,1.1969351623397628e-05,4.413339556419442e-05,6.027961120058656e-05,100000.0,10000000.0,1e-08,100000000.0,480,33,8,161448,20683,2877,2.4647845851240205e-17,6.37337173786965e-18,2,42ea7877e84194059c00d9b0c56c2023ddad868c25049e9d1245c92b0ad95cc1,0.0005430512559592149,5.87625655912305e-08,4.434058431534993e-08,5.39919310726944e-05,4.165424955002278e-05,4.928759068956071e-17,5.959594347511771e-17,0.0005430512559592149,-1,True
2.530727415391778,145,0.1778279410038923,-0.05205344918542676,0.4961893783642791,1.642450572970924,-2.1944722010517883,2.0858942126475624,2.085917491323622,1.1160046333280604e-05,6.551581603388528e-05,8.101241182778551e-05,100000.0,10000000.0,1e-08,100000000.0,480,33,8,161448,20683,2877,3.190072845142525e-17,1.7741615405306464e-17,2,42ea7877e84194059c00d9b0c56c2023ddad868c25049e9d1245c92b0ad95cc1,0.0004931605293354568,5.095140374056228e-07,1.177193298396162e-08,5.375883550007288e-05,3.883821688395161e-05,6.06014543339408e-17,1.7674261658708734e-12,0.0004931605293354568,-0.75,True
2.530727415391778,145,0.31622776601683794,-0.20078537667773388,0.6449213058565862,1.9058370451568096,-3.598422147884171,2.9967238257348576,2.9967538406484873,1.0015909164495795e-05,9.366346964730762e-05,0.0001044830565550825,100000.0,10000000.0,1e-08,100000000.0,480,33,8,161448,20683,2877,8.340335395220877e-17,7.000315685132324e-19,2,42ea7877e84194059c00d9b0c56c2023ddad868c25049e9d1245c92b0ad95cc1,0.0004317967901743547,5.461936549711055e-07,1.4635994860512369e-08,4.95030180329703e-05,3.486576095461887e-05,8.340335395220877e-17,2.2240976759582435e-13,0.0004317967901743547,-0.5,True
2.530727415391778,145,0.5623413251903491,-0.30497419087877176,0.7491101200576241,2.115116978722969,-5.694456228184232,4.363654291392212,4.36369075455838,8.35610791627417e-06,0.00013249452908272735,0.0001267315633040056,100000.0,10000000.0,1e-08,100000000.0,480,33,8,161448,20683,2877,6.283713859708292e-17,9.343889020657748e-19,2,42ea7877e84194059c00d9b0c56c2023ddad868c25049e9d1245c92b0ad95cc1,0.00037445850745476683,5.044462725312115e-07,4.9615618058496125e-08,4.9197562922431715e-05,2.9042530604222595e-05,1.0321568091493996e-16,9.348323227184947e-19,0.00037445850745476683,-0.25,True
2.530727415391778,145,1.0,-0.38052237629109364,0.824658305469946,2.281101192349052,-9.062096584290678,6.564251865758869,6.564295969823846,6.718825827922714e-06,0.00019253539751852106,0.00015276661543595083,100000.0,10000000.0,1e-08,100000000.0,480,33,8,161448,20683,2877,8.917252516489864e-17,8.600878135785962e-17,2,42ea7877e84194059c00d9b0c56c2023ddad868c25049e9d1245c92b0ad95cc1,0.00032931795758406324,4.415088004083856e-07,9.056392591411111e-08,5.185644844063475e-05,2.3272509733032625e-05,1.5806110203754516e-16,1.9189010578440207e-14,0.00032931795758406324,0,True
2.5743606466916362,147.5,0.01,2.0808624590810822,-1.7020618692570102,0.1823072425656504,0.39932628554655103,0.36945152659483305,0.3694752631863171,6.424818893790984e-05,3.412774478936409e-05,8.457064368666556e-05,100000.0,10000000.0,1e-08,100000000.0,480,34,8,165292,21164,2877,4.56791197094426e-17,7.190062956046087e-15,2,42ea7877e84194059c00d9b0c56c2023ddad868c25049e9d1245c92b0ad95cc1,0.0004021706963825977,0.0002535412099264889,8.484072795411635e-07,0.00039623255253173895,0.0002289086323884967,4.56791197094426e-17,1.3022322853989087e-11,0.0004021706963825977,-2,True
2.5743606466916362,147.5,0.01333521432163324,1.7390802205210654,-1.3602796306969935,0.2565890167552502,0.3143383079168086,0.42531013439271065,0.42533130000464137,4.9765124832790164e-05,3.0118671680344294e-05,7.531389693465895e-05,100000.0,10000000.0,1e-08,100000000.0,480,34,8,165292,21164,2877,4.1233348116694183e-17,2.461292102463543e-16,2,42ea7877e84194059c00d9b0c56c2023ddad868c25049e9d1245c92b0ad95cc1,0.0004394812539645354,0.00017164659137369753,5.72188707970156e-07,0.0002799590915358863,0.00017707994906398768,7.987646876899097e-17,2.461292102463543e-16,0.0004394812539645354,-1.875,True
2.5743606466916362,147.5,0.01778279410038923,1.4105852519198605,-1.0317846620957887,0.35637039197756215,0.20414669086639806,0.49720902032361386,0.4972273649447041,3.689518962923799e-05,2.5909373953911177e-05,6.514187980191655e-05,100000.0,10000000.0,1e-08,100000000.0,480,34,8,165292,21164,2877,4.337419398589685e-17,1.997396076906759e-14,2,42ea7877e84194059c00d9b0c56c2023ddad868c25049e9d1245c92b0ad95cc1,0.0004718090563418098,0.00010673430236152193,3.3276733613085696e-07,0.00017508559576961957,0.00013101508045754731,4.337419398589685e-17,5.539133801234792e-14,0.0004718090563418098,-1.75,True
2.5743606466916362,147.5,0.03162277660168379,0.8333230399785122,-0.45452245015444037,0.6347510208330073,-0.11740987666161633,0.7044157551618412,0.7044285876345894,1.8217185879354503e-05,1.9804234449522556e-05,4.517560696537526e-05,100000.0,10000000.0,1e-08,100000000.0,480,34,8,165292,21164,2877,4.4539079007670615e-17,6.933097573701946e-16,2,42ea7877e84194059c00d9b0c56c2023ddad868c25049e9d1245c92b0ad95cc1,0.0005138247700188225,3.0413023308417664e-05,1.0355498125669271e-08,1.765047924029428e-05,6.413202236652991e-05,4.4539079007670615e-17,1.1517601816899137e-14,0.0005138247700188225,-1.5,True
2.5743606466916362,147.5,0.05623413251903491,0.39285094538790355,-0.014050355563831718,0.9860478900152218,-0.6221501451744345,1.0247074263698264,1.0247172520530303,9.588769390278529e-06,2.322856626092087e-05,3.4031934821765475e-05,100000.0,10000000.0,1e-08,100000000.0,480,34,8,165292,21164,2877,3.9511570018633764e-17,2.8344430308214254e-14,2,42ea7877e84194059c00d9b0c56c2023ddad868c25049e9d1245c92b0ad95cc1,0.0005192836551266566,5.296854489245106e-06,9.313329951687876e-08,6.095360377511572e-05,3.32113674069178e-05,7.293247437052979e-17,7.744984394345227e-14,0.0005192836551266566,-1.25,True
2.5743606466916362,147.5,0.1,0.0829857547685654,0.29581483505550643,1.3442212311369572,-1.3704378064960065,1.494456398711819,1.4944679705481543,7.743174270880004e-06,3.532630270146264e-05,3.9776397329438495e-05,100000.0,10000000.0,1e-08,100000000.0,480,34,8,165292,21164,2877,6.020095876185691e-17,5.166683740708656e-13,2,42ea7877e84194059c00d9b0c56c2023ddad868c25049e9d1245c92b0ad95cc1,0.0004905706398504739,3.9450841382571156e-07,5.638490152559683e-08,7.907292871500715e-05,2.6615963746901333e-05,6.020095876185691e-17,5.166683740708656e-13,0.0004905706398504739,-1,True
2.5743606466916362,147.5,0.1778279410038923,-0.12747889596228656,0.5062794857863584,1.6591069667732683,-2.4354397770829177,2.160075710334521,2.1600926646749166,7.84895655026041e-06,5.284024192038758e-05,5.848573638411736e-05,100000.0,10000000.0,1e-08,100000000.0,480,34,8,165292,21164,2877,9.045418808364793e-17,9.20196666674493e-15,2,42ea7877e84194059c00d9b0c56c2023ddad868c25049e9d1245c92b0ad95cc1,0.00043947221759532695,2.346433849442775e-07,1.4938963399657723e-09,7.13665895064608e-05,2.707578077208226e-05,9.045418808364793e-17,3.5535559702811757e-13,0.00043947221759532695,-0.75,True
2.5743606466916362,147.5,0.31622776601683794,-0.27273624048048895,0.6515368303045608,1.9184869534763676,-3.9632223018789663,3.113938438951619,3.1139610758912912,7.269552727562356e-06,7.565005350471774e-05,7.821875189684135e-05,100000.0,10000000.0,1e-08,100000000.0,480,34,8,165292,21164,2877,1.2403043544381387e-16,1.8799716487203142e-18,2,42ea7877e84194059c00d9b0c56c2023ddad868c25049e9d1245c92b0ad95cc1,0.0003816943459789002,3.0866627098724564e-07,8.504456250335579e-09,6.314397744411337e-05,2.5118914015260863e-05,1.2403043544381387e-16,1.4213771300391724e-15,0.0003816943459789002,-0.5,True
2.5743606466916362,147.5,0.5623413251903491,-0.37799598024797154,0.7567965700720434,2.1314373622078406,-6.28770592146546,4.56293487905094,4.562962011736881,5.9463232899847895e-06,0.00010724690914815208,9.349713418593808e-05,100000.0,10000000.0,1e-08,100000000.0,480,34,8,165292,21164,2877,9.173289884278135e-17,1.244911719065532e-18,2,42ea7877e84194059c00d9b0c56c2023ddad868c25049e9d1245c92b0ad95cc1,0.00032991972975859873,2.827477552092006e-07,1.828597784303554e-08,6.123797149837351e-05,2.0490569483074642e-05,1.4028188466891204e-16,3.6983456247212325e-17,0.00032991972975859873,-0.25,True
2.5743606466916362,147.5,1.0,-0.45640594773584997,0.8352065375599218,2.3052901281191103,-10.081917400384748,6.922463765036284,6.922495119586206,4.529391700147656e-06,0.0001568315929340338,0.00010729484661098354,100000.0,10000000.0,1e-08,100000000.0,480,34,8,165292,21164,2877,9.433324562820275e-17,7.338860654633696e-14,2,42ea7877e84194059c00d9b0c56c2023ddad868c25049e9d1245c92b0ad95cc1,0.0002901016250045352,2.2931052612307212e-07,5.3088186513505775e-08,6.328404175759417e-05,1.5499517260444796e-05,9.433324562820275e-17,7.338860654633696e-14,0.0002901016250045352,0,True
2.6179938779914944,150,0.01,1.989601586424766,-1.6827487669847114,0.18586238085735887,0.35539385847317195,0.359128222254715,0.359155313194622,7.5435285305403e-05,3.9507723988155105e-05,9.640927664456012e-05,100000.0,10000000.0,1e-08,100000000.0,480,35,7,165292,21164,2877,2.16424272044824e-17,2.8734686308431545e-17,2,42ea7877e84194059c00d9b0c56c2023ddad868c25049e9d1245c92b0ad95cc1,0.0003214279738461556,0.0004429509566858947,1.3005357686335373e-06,0.00042521502317649507,0.00026845363485852956,2.5245326487594826e-17,2.8734686308431545e-17,0.0004429509566858947,-2,True
2.6179938779914944,150,0.01333521432163324,1.625076762635047,-1.3182239431949925,0.2676101710091361,0.26233556182234635,0.4196853530700064,0.4197094197666376,5.7344618903609756e-05,3.5313028911571175e-05,8.550960247094563e-05,100000.0,10000000.0,1e-08,100000000.0,480,35,7,165292,21164,2877,2.5691439361789468e-17,2.8734686308431545e-17,2,42ea7877e84194059c00d9b0c56c2023ddad868c25049e9d1245c92b0ad95cc1,0.00034282683229647226,0.00028809924928641095,1.0315197818133726e-06,0.000284937705455679,0.00020374693051697243,2.9356794672029725e-17,2.8734686308431545e-17,0.00034282683229647226,-1.875,True
2.6179938779914944,150,0.01778279410038923,1.285088703879775,-0.9782358844397203,0.37597377534792864,0.14178509625276367,0.49733677386444625,0.4973576429394816,4.1961656833011673e-05,3.139777281636196e-05,7.396069095638724e-05,100000.0,10000000.0,1e-08,100000000.0,480,35,7,165292,21164,2877,1.8764831296338442e-17,2.8734686308431545e-17,2,42ea7877e84194059c00d9b0c56c2023ddad868c25049e9d1245c92b0ad95cc1,0.0003601028985078525,0.00017161859791836598,8.187996223263383e-07,0.00016368761375917806,0.00014871349725798863,1.8764831296338442e-17,2.8734686308431545e-17,0.0003601028985078525,-1.75,True
2.6179938779914944,150,0.03162277660168379,0.7094512301545117,-0.4025984107144572,0.6685805401999294,-0.2090363650397685,0.719453622711714,0.7194688947451762,2.1227266053136518e-05,2.8231969023242772e-05,5.3600721059865464e-05,100000.0,10000000.0,1e-08,100000000.0,480,35,7,165292,21164,2877,2.400312337726207e-17,2.494858355236832e-17,2,42ea7877e84194059c00d9b0c56c2023ddad868c25049e9d1245c92b0ad95cc1,0.0003785527543875844,4.489230439008729e-05,6.009748808599724e-07,5.887937877480098e-06,7.450198229294808e-05,4.7998325420635115e-17,2.52326511127433e-17,0.0003785527543875844,-1.5,True
2.6179938779914944,150,0.05623413251903491,0.28543420514792217,0.021418614292132432,1.0216496392746888,-0.7566585481261694,1.0589067564909194,1.0589205401423283,1.3016869827797706e-05,3.556297621518528e-05,4.775658111522141e-05,100000.0,10000000.0,1e-08,100000000.0,480,35,7,165292,21164,2877,3.0846543969790365e-17,7.737769837872096e-18,2,42ea7877e84194059c00d9b0c56c2023ddad868c25049e9d1245c92b0ad95cc1,0.0003734553538848884,7.682062601488404e-06,6.346592289485642e-07,7.871488313460073e-05,4.5099892717164795e-05,7.930661433928763e-17,4.2101851873704273e-17,0.0003734553538848884,-1.25,True
2.6179938779914944,150,0.1,-0.008354930470598543,0.31520774991065315,1.3705440117786807,-1.564591071491579,1.5516273330080168,1.5516459383788703,1.1990875938838741e-05,5.1292786509564795e-05,6.43528542330074e-05,100000.0,10000000.0,1e-08,100000000.0,480,35,7,165292,21164,2877,6.044947551469154e-17,4.984993630707015e-18,2,42ea7877e84194059c00d9b0c56c2023ddad868c25049e9d1245c92b0ad95cc1,0.0003478612500780187,1.1773057388975161e-06,7.859202588722525e-07,8.649398640114825e-05,4.1474426793095754e-05,6.547616422746598e-17,5.0387971423707485e-18,0.0003478612500780187,-1,True
2.6179938779914944,150,0.1778279410038923,-0.2092229308032998,0.5160757502433544,1.6754398875699976,-2.717631827151054,2.2474200231595853,2.247447431665791,1.2195542409942917e-05,7.381664933712976e-05,9.515312939756271e-05,100000.0,10000000.0,1e-08,100000000.0,480,35,7,165292,21164,2877,8.610876778579989e-17,2.879001777117789e-18,2,42ea7877e84194059c00d9b0c56c2023ddad868c25049e9d1245c92b0ad95cc1,0.0003096394662078783,4.262451729353245e-07,9.037123691602034e-07,7.239829684824173e-05,4.2338827819016034e-05,8.610876778579989e-17,2.879001777117789e-18,0.0003096394662078783,-0.75,True
2.6179938779914944,150,0.31622776601683794,-0.3516827704223009,0.6585355898623555,1.9319610784592172,-4.395385519624487,3.2517877832024547,3.2518240277671517,1.1146042458332062e-05,0.00010416750954398145,0.0001259963449724566,100000.0,10000000.0,1e-08,100000000.0,480,35,7,165292,21164,2877,6.020472046742672e-17,5.580669225894612e-19,2,42ea7877e84194059c00d9b0c56c2023ddad868c25049e9d1245c92b0ad95cc1,0.00026830262690369366,3.637919474552831e-07,9.306487460669643e-07,6.2536032763294e-05,3.874679203338778e-05,1.0622627759460807e-16,4.189602520344949e-18,0.00026830262690369366,-0.5,True
2.6179938779914944,150,0.5623413251903491,-0.4584067792739126,0.7652595987139672,2.1495523232494387,-6.9974349136784895,4.7979994423519186,4.798043967309802,9.2799005957378e-06,0.00014901660373313496,0.00015453885820004842,100000.0,10000000.0,1e-08,100000000.0,480,35,7,165292,21164,2877,1.0004969172246435e-16,1.5066347750377916e-18,2,42ea7877e84194059c00d9b0c56c2023ddad868c25049e9d1245c92b0ad95cc1,0.00023131458989134046,4.119166912008865e-07,9.004273477941638e-07,6.112115887901837e-05,3.220901962512431e-05,1.0004969172246435e-16,1.5066347750377916e-18,0.00023131458989134046,-0.25,True
2.6179938779914944,150,1.0,-0.5395218825993162,0.8463747020393708,2.3311802911407327,-11.306760513925722,7.344332446145864,7.344387300484126,7.468934537513405e-06,0.0002232084395439576,0.00018969135457069797,100000.0,10000000.0,1e-08,100000000.0,480,35,7,165292,21164,2877,6.367635051855887e-17,9.557976953006322e-19,2,42ea7877e84194059c00d9b0c56c2023ddad868c25049e9d1245c92b0ad95cc1,0.00020234661567508638,4.810901155227754e-07,8.572580059151846e-07,6.399249937816265e-05,2.582826362527252e-05,6.367635051855887e-17,9.636256621807409e-19,0.00020234661567508638,0,True
