theta_rad,theta_deg,viscosity_ratio,Q,log_c,c,force_intercept,slope_expected,slope_fitted,slope_relative_error,plateau_standard_deviation,plateau_half_drift,fit_lower,fit_upper,inner_radius,outer_radius,radial_cells,angular_cells_a,angular_cells_b,velocity_dofs,pressure_dofs,interface_constraints,linear_system_backward_error,constraint_relative_error,generator_version,generator_source_sha256,mesh_delta_Q,inner_radius_delta_Q,outer_radius_delta_Q,fit_window_delta_Q,plateau_half_drift_Q,max_linear_system_backward_error,max_constraint_relative_error,estimated_error_Q,log10_viscosity_ratio,converged
0.545415391248228,31.25,0.011547819846894581,-0.6542856225560942,0.9979972491220404,2.712843235032292,-8.776643838979435,5.305398124308388,5.305400779051074,5.003851970553086e-07,9.805860011322492e-05,6.534018501369587e-06,100000.0,10000000.0,1e-08,100000000.0,480,8,34,165292,21164,2877,1.5252333097923225e-16,3.773376024438578e-15,2,42ea7877e84194059c00d9b0c56c2023ddad868c25049e9d1245c92b0ad95cc1,0.0002073832260247599,1.38669062899055e-08,1.1059385673917177e-07,7.931894082102708e-05,1.231579298720652e-06,1.5252333097923225e-16,3.773376024438578e-15,0.0002073832260247599,-1.9375,True
0.545415391248228,31.25,0.01539926526059492,-0.6534387489461935,0.9971503755121396,2.710546772232867,-8.785230602574952,5.313308768271066,5.313311512602249,5.165013559071951e-07,9.823596867438971e-05,6.847118175556943e-06,100000.0,10000000.0,1e-08,100000000.0,480,8,34,165292,21164,2877,4.3525441480338667e-17,8.148577574133253e-17,2,42ea7877e84194059c00d9b0c56c2023ddad868c25049e9d1245c92b0ad95cc1,0.0002077021423159131,1.2964018969441327e-08,1.1018624235248353e-07,7.925074255465958e-05,1.2886731176710767e-06,1.2185777120010426e-16,8.148577574133253e-17,0.0002077021423159131,-1.8125,True
0.545415391248228,31.25,0.023713737056616554,-0.6516199396433404,0.9953315662092865,2.70562128516638,-8.803731295446202,5.330361473685844,5.330364412922293,5.51414095051328e-07,9.8619082429345e-05,7.528413679125379e-06,100000.0,10000000.0,1e-08,100000000.0,480,8,34,165292,21164,2877,9.984848654759453e-17,8.905119835161471e-16,2,42ea7877e84194059c00d9b0c56c2023ddad868c25049e9d1245c92b0ad95cc1,0.00020838792801392003,1.1029376523197243e-08,1.0939926942121758e-07,7.910425935597765e-05,1.4123645678235067e-06,9.984848654759453e-17,8.905119835161471e-16,0.00020838792801392003,-1.625,True
0.545415391248228,31.25,0.042169650342858224,-0.6476279341304956,0.9913395606964417,2.694841959958191,-8.844620982185557,5.3680936083747195,5.368096979796721,6.280482880427485e-07,9.946891522571362e-05,9.039216601891553e-06,100000.0,10000000.0,1e-08,100000000.0,480,8,34,165292,21164,2877,6.69047903270573e-17,2.0639602894254354e-17,2,42ea7877e84194059c00d9b0c56c2023ddad868c25049e9d1245c92b0ad95cc1,0.00020990007849919223,7.1646353294596565e-09,1.0742935185881208e-07,7.878449830833745e-05,1.6838783488778108e-06,1.3811075798656894e-16,2.0639602894254354e-17,0.00020990007849919223,-1.375,True
0.545415391248228,31.25,0.07498942093324558,-0.6406785781820887,0.9843902047480348,2.676179465219598,-8.916735639786834,5.434785190934102,5.434789330031986,7.615936488125641e-07,0.00010097789342496031,1.1722502442523819e-05,100000.0,10000000.0,1e-08,100000000.0,480,8,34,165292,21164,2877,8.546627912428938e-17,2.6094686809189688e-18,2,42ea7877e84194059c00d9b0c56c2023ddad868c25049e9d1245c92b0ad95cc1,0.00021255433605738006,3.1253044596724067e-10,1.0454451615515836e-07,7.823351089841779e-05,2.1569394245937103e-06,1.0284152219308407e-16,4.0764241839026146e-18,0.00021255433605738006,-1.125,True
0.545415391248228,31.25,0.1333521432163324,-0.6287681471065241,0.9724797736724702,2.644494082008522,-9.043105595123205,5.552113486003586,5.5521189879497825,9.909642895156168e-07,0.00010365360399288983,1.6486210181909655e-05,100000.0,10000000.0,1e-08,100000000.0,480,8,34,165292,21164,2877,7.559239082816885e-17,2.574025188672851e-16,2,42ea7877e84194059c00d9b0c56c2023ddad868c25049e9d1245c92b0ad95cc1,0.00021716878401667472,1.1818998446599949e-08,9.916099985574078e-08,7.730673302708269e-05,2.9693575650912056e-06,7.559239082816885e-17,2.574025188672851e-16,0.00021716878401667472,-0.875,True
0.545415391248228,31.25,0.23713737056616552,-0.6088741424995123,0.9525857690654584,2.5924043591088,-9.262039687262925,5.756845388088355,5.756853304519588,1.3751335494749384e-06,0.00010838322046782471,2.49249359498549e-05,100000.0,10000000.0,1e-08,100000000.0,480,8,34,165292,21164,2877,9.377206922144516e-17,1.273295451227141e-14,2,42ea7877e84194059c00d9b0c56c2023ddad868c25049e9d1245c92b0ad95cc1,0.00022506171384817364,3.1575188907950746e-08,9.02695300730727e-08,7.581313324722672e-05,4.329617050586031e-06,9.377206922144516e-17,2.475381385346918e-14,0.00022506171384817364,-0.625,True
0.545415391248228,31.25,0.4216965034285822,-0.5769561821626754,0.9206678087286215,2.5109666756181506,-9.633752409852049,6.109080593881872,6.109092762355223,1.9918665605800356e-06,0.00011668357071553673,3.9783215843414155e-05,100000.0,10000000.0,1e-08,100000000.0,480,8,34,165292,21164,2877,1.5919415543999074e-16,1.7577299774579737e-18,2,42ea7877e84194059c00d9b0c56c2023ddad868c25049e9d1245c92b0ad95cc1,0.00023821075345487053,6.225670179382803e-08,7.558797610052181e-08,7.358390084122313e-05,6.5121445415626505e-06,1.902354133052483e-16,8.719339467600647e-15,0.00023821075345487053,-0.375,True
0.545415391248228,31.25,0.7498942093324559,-0.5285824853485728,0.8722941119145189,2.3923929800537893,-10.242684340118293,6.700773061509065,6.7007925950841525,2.9151226146328924e-06,0.00013101242168223575,6.550701292340477e-05,100000.0,10000000.0,1e-08,100000000.0,480,8,34,165292,21164,2877,9.710917319787115e-17,1.6167252678996838e-18,2,42ea7877e84194059c00d9b0c56c2023ddad868c25049e9d1245c92b0ad95cc1,0.00025923724633036827,1.0563224717152764e-07,5.2991776078314956e-08,7.070509269579972e-05,9.776038126062441e-06,9.710917319787115e-17,3.3141312702655184e-14,0.00025923724633036827,-0.125,True
0.5890486225480862,33.75,0.011547819846894581,-0.5690809705621296,0.9813207247463074,2.6679775800709384,-7.658838378944015,4.881098249633482,4.881109400976838,2.2845971923146635e-06,0.00011614488131449858,3.6990711572926216e-05,100000.0,10000000.0,1e-08,100000000.0,480,8,34,165292,21164,2877,1.2926682679950205e-16,3.57176419217267e-16,2,42ea7877e84194059c00d9b0c56c2023ddad868c25049e9d1245c92b0ad95cc1,0.00023364924271085385,1.7272880836749493e-07,1.50731909398516e-07,6.810506148213769e-05,7.578358328620781e-06,1.2926682679950205e-16,1.6038856880579277e-14,0.00023364924271085385,-1.9375,True
0.5890486225480862,33.75,0.01539926526059492,-0.5682532104838989,0.9804929646680767,2.6657700485198332,-7.667586917208842,4.889253129501286,4.889264386040971,2.3023024962043337e-06,0.00011638868469750362,3.7359357101252044e-05,100000.0,10000000.0,1e-08,100000000.0,480,8,34,165292,21164,2877,8.937504367975032e-17,7.705801502935976e-17,2,42ea7877e84194059c00d9b0c56c2023ddad868c25049e9d1245c92b0ad95cc1,0.00023403297879664997,1.735107051370477e-07,1.501979376428153e-07,6.803433109148216e-05,7.64111738781313e-06,1.39012479999765e-16,7.705801502935976e-17,0.00023403297879664997,-1.8125,True
0.5890486225480862,33.75,0.023713737056616554,-0.5664761868879524,0.9787159410721302,2.66103711875166,-7.686431714223427,4.906829595344002,4.906841077395818,2.340014380486366e-06,0.00011691393132717587,3.814895404374852e-05,100000.0,10000000.0,1e-08,100000000.0,480,8,34,165292,21164,2877,1.831975843863873e-16,1.3023746279615024e-17,2,42ea7877e84194059c00d9b0c56c2023ddad868c25049e9d1245c92b0ad95cc1,0.0002348588813980701,1.756112835149537e-07,1.4943227721886387e-07,6.788313434258342e-05,7.774664536944047e-06,1.831975843863873e-16,9.957262919528423e-17,0.0002348588813980701,-1.625,True
0.5890486225480862,33.75,0.042169650342858224,-0.5625793581652938,0.9748191123494716,2.650687690945588,-7.7280603027027555,4.945707405079685,4.945719389405394,2.4231772579597077e-06,0.00011807783351815039,3.990774018358678e-05,100000.0,10000000.0,1e-08,100000000.0,480,8,34,165292,21164,2877,1.7222177385032971e-16,1.2921732230855837e-17,2,42ea7877e84194059c00d9b0c56c2023ddad868c25049e9d1245c92b0ad95cc1,0.00023667788084624775,1.7989059775125327e-07,1.4744067167171693e-07,6.755272148128988e-05,8.069167242404585e-06,1.7222177385032971e-16,6.165911774912784e-17,0.00023667788084624775,-1.375,True
0.5890486225480862,33.75,0.07498942093324558,-0.5558066985550871,0.9680464527392649,2.632796140560962,-7.8014052378699335,5.014379514572906,5.014392391886108,2.5680771000846647e-06,0.00012013883871566896,4.303503237235162e-05,100000.0,10000000.0,1e-08,100000000.0,480,8,34,165292,21164,2877,9.734829606792053e-17,4.216767298307887e-17,2,42ea7877e84194059c00d9b0c56c2023ddad868c25049e9d1245c92b0ad95cc1,0.00023986653715013517,1.8747246910422177e-07,1.4413929716461382e-07,6.6983738759685e-05,8.582324542305226e-06,9.734829606792053e-17,5.3203271647662937e-17,0.00023986653715013517,-1.125,True
0.5890486225480862,33.75,0.1333521432163324,-0.5442297778774963,0.9564695320616741,2.6024922199802023,-7.929704963488624,5.1350550786475555,5.135069544231801,2.817026112378329e-06,0.00012377617226713033,4.8596843315706906e-05,100000.0,10000000.0,1e-08,100000000.0,480,8,34,165292,21164,2877,8.598179395534712e-17,5.215226842039402e-17,2,42ea7877e84194059c00d9b0c56c2023ddad868c25049e9d1245c92b0ad95cc1,0.0002453967452298311,2.006068462456767e-07,1.385361030337151e-07,6.602719620474318e-05,9.463743342847666e-06,8.598179395534712e-17,5.215226842039402e-17,0.0002453967452298311,-0.875,True
0.5890486225480862,33.75,0.23713737056616552,-0.524970066291844,0.9372098204760217,2.5528485661905744,-8.151291042506696,5.345213799722366,5.345231090501177,3.234815193486895e-06,0.0001301570447048218,5.849011133740589e-05,100000.0,10000000.0,1e-08,100000000.0,480,8,34,165292,21164,2877,9.254089195541608e-17,1.2112988508648514e-16,2,42ea7877e84194059c00d9b0c56c2023ddad868c25049e9d1245c92b0ad95cc1,0.0002548185149731097,2.2191580395514166e-07,1.2866344989426182e-07,6.448544792858613e-05,1.0942520454550184e-05,9.254089195541608e-17,5.458984680180522e-15,0.0002548185149731097,-0.625,True
0.5890486225480862,33.75,0.4216965034285822,-0.4942301960082418,0.9064699501924196,2.475568211790319,-8.525445604356127,5.705577110629548,5.705599407401678,3.907890770316058e-06,0.00014122243756204062,7.601937999446307e-05,100000.0,10000000.0,1e-08,100000000.0,480,8,34,165292,21164,2877,4.391978966577374e-17,5.332864817551059e-16,2,42ea7877e84194059c00d9b0c56c2023ddad868c25049e9d1245c92b0ad95cc1,0.00027041482390632865,2.5512262347149317e-07,1.1246945597065405e-07,6.217827114274321e-05,1.3323696888232077e-05,6.237669367407324e-17,1.1956775706273664e-14,0.00027041482390632865,-0.375,True
0.5890486225480862,33.75,0.7498942093324559,-0.44785564847061243,0.8600954026547902,2.3633861562643625,-9.132493103380577,6.307599181608568,6.3076302376326545,4.923588704963677e-06,0.00016000016483236066,0.00010668431697702374,100000.0,10000000.0,1e-08,100000000.0,480,8,34,165292,21164,2877,1.0126957670917714e-16,1.6772493115710935e-14,2,42ea7877e84194059c00d9b0c56c2023ddad868c25049e9d1245c92b0ad95cc1,0.000295111819654581,3.0250244709151275e-07,8.715685329008238e-08,5.9158175793161405e-05,1.6913617036429545e-05,1.1340939488219737e-16,1.6772493115710935e-14,0.000295111819654581,-0.125,True
0.6544984694978736,37.5,0.011547819846894581,-0.4500838862836727,0.9537550560744087,2.5954373967480344,-6.302825115958206,4.346524484256779,4.346530706722955,1.4315957954647018e-06,8.592024886507174e-05,2.0111352368346047e-05,100000.0,10000000.0,1e-08,100000000.0,480,9,33,165292,21164,2877,8.292212746745689e-17,7.071547458598412e-18,2,42ea7877e84194059c00d9b0c56c2023ddad868c25049e9d1245c92b0ad95cc1,0.00016198449224424927,1.1298284574579043e-07,1.362510773095238e-07,6.099103892620583e-05,4.626996222197729e-06,8.292212746745689e-17,1.3228750572070068e-15,0.00016198449224424927,-1.9375,True
0.6544984694978736,37.5,0.01539926526059492,-0.44931729259019315,0.9529884623809292,2.5934485132380445,-6.311870131920984,4.355064390793632,4.355070699682639,1.448632773515257e-06,8.606999261269171e-05,2.0413641285799144e-05,100000.0,10000000.0,1e-08,100000000.0,480,9,33,165292,21164,2877,7.097184800405407e-17,6.997282227500091e-18,2,42ea7877e84194059c00d9b0c56c2023ddad868c25049e9d1245c92b0ad95cc1,0.0001623092384255287,1.1354448115064031e-07,1.3567644696621528e-07,6.0924508181514625e-05,4.687333975808135e-06,8.279133651888989e-17,5.133047744383065e-16,0.0001623092384255287,-1.8125,True
0.6544984694978736,37.5,0.023713737056616554,-0.4476723894239414,0.9513435592146774,2.5891860481993088,-6.33134622579478,4.373466173734344,4.37347266856895,1.485054267780228e-06,8.639288637651377e-05,2.106392134759716e-05,100000.0,10000000.0,1e-08,100000000.0,480,9,33,165292,21164,2877,1.06122412063621e-16,5.37794578379585e-17,2,42ea7877e84194059c00d9b0c56c2023ddad868c25049e9d1245c92b0ad95cc1,0.00016300709542815817,1.1498985297286879e-07,1.3439219892497078e-07,6.078222970029579e-05,4.816299134562973e-06,1.06122412063621e-16,9.063302310811519e-17,0.00016300709542815817,-1.625,True
0.6544984694978736,37.5,0.042169650342858224,-0.44406904635111344,0.9477402161418494,2.579873111517865,-6.374333807793415,4.414147525632613,4.414154433283178,1.5648889224451068e-06,8.710920851903991e-05,2.2507710006891557e-05,100000.0,10000000.0,1e-08,100000000.0,480,9,33,165292,21164,2877,7.025923108046516e-17,5.831382094201963e-17,2,42ea7877e84194059c00d9b0c56c2023ddad868c25049e9d1245c92b0ad95cc1,0.0001645401267853508,1.182121847076445e-07,1.3148882382907345e-07,6.047243188311846e-05,5.098993605490307e-06,2.5758870434138077e-16,5.831382094201963e-17,0.0001645401267853508,-1.375,True
0.6544984694978736,37.5,0.07498942093324558,-0.43781806613171037,0.9414892359224464,2.563796674821623,-6.449953552922326,4.485931638260194,4.485939280927421,1.703696766552909e-06,8.838150380059684e-05,2.507851991051524e-05,100000.0,10000000.0,1e-08,100000000.0,480,9,33,165292,21164,2877,6.362896267535974e-17,9.001841467678805e-17,2,42ea7877e84194059c00d9b0c56c2023ddad868c25049e9d1245c92b0ad95cc1,0.00016721321557833235,1.2347618039143526e-07,1.2629499601679584e-07,5.994098020933869e-05,5.590481962904276e-06,6.940574206377459e-17,5.630285125720037e-16,0.00016721321557833235,-1.125,True
0.6544984694978736,37.5,0.1333521432163324,-0.4271633739799705,0.9308345437707065,2.536625219305727,-6.581862930710576,4.611849666766287,4.611858615354828,1.940346973094975e-06,9.063768531049395e-05,2.9646112472470065e-05,100000.0,10000000.0,1e-08,100000000.0,480,9,33,165292,21164,2877,6.798041630397448e-17,1.2945763090971153e-16,2,42ea7877e84194059c00d9b0c56c2023ddad868c25049e9d1245c92b0ad95cc1,0.00017180856557308388,1.327734755474097e-07,1.176934287805409e-07,5.905445221809913e-05,6.428247799598632e-06,1.3028139643746218e-16,7.78604291206968e-16,0.00017180856557308388,-0.875,True
0.6544984694978736,37.5,0.23713737056616552,-0.4095056897916587,0.9131768595823947,2.4922274269508935,-6.808560674309853,4.83045987229483,4.830471140419923,2.3327230513903174e-06,9.46285407079105e-05,3.775901770630696e-05,100000.0,10000000.0,1e-08,100000000.0,480,9,33,165292,21164,2877,8.751389674175968e-17,3.6141407121148897e-17,2,42ea7877e84194059c00d9b0c56c2023ddad868c25049e9d1245c92b0ad95cc1,0.00017952472469828784,1.478928224329934e-07,1.0340826372967626e-07,5.76434153736205e-05,7.81685775362183e-06,1.8594647720203608e-16,8.15473689688235e-16,0.00017952472469828784,-0.625,True
0.6544984694978736,37.5,0.4216965034285822,-0.38142232566519807,0.8850934954559341,2.4232109401064212,-7.188038063816477,5.203360283290059,5.203375650204,2.9532673320176173e-06,0.00010164534523078236,5.2095615526326355e-05,100000.0,10000000.0,1e-08,100000000.0,480,9,33,165292,21164,2877,1.188480314578498e-16,1.5145793474621104e-17,2,42ea7877e84194059c00d9b0c56c2023ddad868c25049e9d1245c92b0ad95cc1,0.00019201151902081826,1.7133579421901857e-07,8.087034708559315e-08,5.557257150590189e-05,1.0011917816574208e-05,1.188480314578498e-16,1.0528283934376075e-13,0.00019201151902081826,-0.375,True
0.6544984694978736,37.5,0.7498942093324559,-0.339007021718543,0.842678191509279,2.3225789658858536,-7.79445257834142,5.821069234078894,5.821091734815358,3.865395782121084e-06,0.00011381330621914252,7.704428447485867e-05,100000.0,10000000.0,1e-08,100000000.0,480,9,33,165292,21164,2877,6.396304199686548e-17,1.0025790549539413e-17,2,42ea7877e84194059c00d9b0c56c2023ddad868c25049e9d1245c92b0ad95cc1,0.0002111400930788765,2.0457786065186667e-07,4.8267349228581224e-08,5.29353053517756e-05,1.3235417992249648e-05,9.948707141050427e-17,1.9510764531793106e-15,0.0002111400930788765,-0.125,True
0.7417649320975901,42.5,0.011547819846894581,-0.304170655002453,0.9120020664967265,2.4893012945384014,-4.921422641517865,3.773603264757256,3.773609078241276,1.540565770286051e-06,6.981873057544857e-05,1.9160760429848267e-05,100000.0,10000000.0,1e-08,100000000.0,480,10,32,165292,21164,2877,1.2297324178297088e-16,4.61168469163304e-18,2,42ea7877e84194059c00d9b0c56c2023ddad868c25049e9d1245c92b0ad95cc1,0.0001258405625865766,1.3800361609028755e-07,1.3404927412530299e-07,5.083129278515841e-05,5.077576810682778e-06,1.2297324178297088e-16,1.4982220853706216e-15,0.0001258405625865766,-1.9375,True
0.7417649320975901,42.5,0.01539926526059492,-0.3035575929817371,0.9113890044760107,2.4877756661567934,-4.930959986678206,3.7826943843725434,3.782700275528994,1.5573968847881758e-06,7.004988476818358e-05,1.9432149912290697e-05,100000.0,10000000.0,1e-08,100000000.0,480,10,32,165292,21164,2877,1.0110254675751294e-16,8.73208649360961e-18,2,42ea7877e84194059c00d9b0c56c2023ddad868c25049e9d1245c92b0ad95cc1,0.0001261795927471887,1.390515400601089e-07,1.3367887774506926e-07,5.077170544476317e-05,5.13711866138877e-06,1.1553299303380285e-16,1.212970968983167e-17,0.0001261795927471887,-1.8125,True
0.7417649320975901,42.5,0.023713737056616554,-0.30224208554748744,0.910073497041761,2.4845051304518906,-4.951485023883405,3.80227691827492,3.8022829772769855,1.5935194084271131e-06,7.054803769274391e-05,2.001897517178719e-05,100000.0,10000000.0,1e-08,100000000.0,480,10,32,165292,21164,2877,1.0073940861748058e-16,4.38429240208571e-18,2,42ea7877e84194059c00d9b0c56c2023ddad868c25049e9d1245c92b0ad95cc1,0.00012690640608248316,1.4104814693993717e-07,1.3306216550823535e-07,5.0644316926584665e-05,5.2649966328254e-06,1.510924064647931e-16,5.977469692150708e-18,0.00012690640608248316,-1.625,True
0.7417649320975901,42.5,0.042169650342858224,-0.29935993827654683,0.9071913497708204,2.4773547299738614,-4.996733792241389,3.845534747568859,3.8455411781441144,1.672218736148423e-06,7.164875712699923e-05,2.131747185174504e-05,100000.0,10000000.0,1e-08,100000000.0,480,10,32,165292,21164,2877,2.284502846916382e-16,4.032261560848736e-17,2,42ea7877e84194059c00d9b0c56c2023ddad868c25049e9d1245c92b0ad95cc1,0.0001284961407823637,1.4573381523774742e-07,1.3176969271277983e-07,5.0367822367114456e-05,5.543434983969891e-06,2.284502846916382e-16,4.264337422199571e-17,0.0001284961407823637,-1.375,True
0.7417649320975901,42.5,0.07498942093324558,-0.2943576816951641,0.9021890931894376,2.4649933092467236,-5.076150075301099,3.921752191908102,3.9217592852681893,1.8087221578255708e-06,7.359097922033789e-05,2.3634384998416635e-05,100000.0,10000000.0,1e-08,100000000.0,480,10,32,165292,21164,2877,8.449944464395445e-17,4.64174109594459e-18,2,42ea7877e84194059c00d9b0c56c2023ddad868c25049e9d1245c92b0ad95cc1,0.00013124446789780642,1.5348235793410936e-07,1.2905294299869752e-07,4.9895454269144324e-05,6.026486081191552e-06,1.1265349138670814e-16,1.242177087913613e-14,0.00013124446789780642,-1.125,True
0.7417649320975901,42.5,0.1333521432163324,-0.2858184989852406,0.8936499104795141,2.4440338964869412,-5.214125598580156,4.05510233574576,4.055110606575163,2.0396105249176344e-06,7.699493925514171e-05,2.775029430157616e-05,100000.0,10000000.0,1e-08,100000000.0,480,10,32,165292,21164,2877,6.877782767651431e-17,9.77086921338616e-18,2,42ea7877e84194059c00d9b0c56c2023ddad868c25049e9d1245c92b0ad95cc1,0.00013590263667873081,1.6667857605234815e-07,1.250084880055624e-07,4.9113670422595845e-05,6.843303079420979e-06,1.5129449242820564e-16,4.476193318998274e-16,0.00013590263667873081,-0.875,True
0.7417649320975901,42.5,0.23713737056616552,-0.27160339358331154,0.8794348050775851,2.409537463147444,-5.449576074979355,4.285594158114611,4.2856045227914805,2.4184923927972335e-06,8.289440166547667e-05,3.507061507690423e-05,100000.0,10000000.0,1e-08,100000000.0,480,10,32,165292,21164,2877,1.653263776525863e-16,1.9628799561276636e-17,2,42ea7877e84194059c00d9b0c56c2023ddad868c25049e9d1245c92b0ad95cc1,0.00014354184930742697,1.8760170816811694e-07,1.1728356286155872e-07,4.788311890591146e-05,8.183372896031078e-06,1.653263776525863e-16,5.026980929878448e-14,0.00014354184930742697,-0.625,True
0.7417649320975901,42.5,0.4216965034285822,-0.24872070849084071,0.8565521199851143,2.3550268295297343,-5.838863494986451,4.67587624300961,4.675890306583403,3.007687342737597e-06,9.291131469139004e-05,4.800409764094127e-05,100000.0,10000000.0,1e-08,100000000.0,480,10,32,165292,21164,2877,8.696214176472082e-17,2.955123415006696e-14,2,42ea7877e84194059c00d9b0c56c2023ddad868c25049e9d1245c92b0ad95cc1,0.00015545594965526988,2.188393832813773e-07,1.0495351054906621e-07,4.61038418999582e-05,1.0266331944244018e-05,8.696214176472082e-17,2.955123415006696e-14,0.00015545594965526988,-0.375,True
0.7417649320975901,42.5,0.7498942093324559,-0.2131578769773934,0.820989288471667,2.2727471282727256,-6.44778674453468,5.314878522323465,5.314899012130379,3.855178783096491e-06,0.00010932183344007477,7.047610629928869e-05,100000.0,10000000.0,1e-08,100000000.0,480,10,32,165292,21164,2877,1.7538849317230469e-16,2.8024827719641263e-13,2,42ea7877e84194059c00d9b0c56c2023ddad868c25049e9d1245c92b0ad95cc1,0.0001727445738410882,2.6075993653229546e-07,8.541486962165834e-08,4.386223289376545e-05,1.32601537369624e-05,1.7538849317230469e-16,2.8024827719641263e-13,0.0001727445738410882,-0.125,True
0.8290313946973066,47.5,0.011547819846894581,-0.1690987837737088,0.864307631230016,2.373362275061997,-3.8747016847721234,3.3142637205258714,3.3142693452508167,1.6971265475174135e-06,5.638802162442818e-05,1.884006438812591e-05,100000.0,10000000.0,1e-08,100000000.0,480,11,31,165292,21164,2877,1.713628384451886e-16,5.830420573358563e-18,2,42ea7877e84194059c00d9b0c56c2023ddad868c25049e9d1245c92b0ad95cc1,0.00010196863885858498,1.535440452560266e-07,1.217595742009081e-07,4.231407071886295e-05,5.684539908953466e-06,1.713628384451886e-16,2.270084460042576e-15,0.00010196863885858498,-1.9375,True
0.8290313946973066,47.5,0.01539926526059492,-0.1687415720443579,0.8639504195006651,2.3725146336220915,-3.8848432468484155,3.3239540200945052,3.323959715764695,1.7135225562903145e-06,5.653669359806041e-05,1.9087900827940985e-05,100000.0,10000000.0,1e-08,100000000.0,480,11,31,165292,21164,2877,1.2400422158942025e-16,5.669700583793791e-18,2,42ea7877e84194059c00d9b0c56c2023ddad868c25049e9d1245c92b0ad95cc1,0.00010233976918283538,1.5403403885727585e-07,1.2116795411465375e-07,4.2266039560701074e-05,5.7425285405717755e-06,1.7102139380459316e-16,3.070813522789665e-16,0.00010233976918283538,-1.8125,True
0.8290313946973066,47.5,0.023713737056616554,-0.16797222676404755,0.8631810742203547,2.3706900526426256,-3.9066556677790096,3.344818976220594,3.344824824618303,1.7484945373791305e-06,5.6857074062934125e-05,1.9621180830764473e-05,100000.0,10000000.0,1e-08,100000000.0,480,11,31,165292,21164,2877,1.149864289291774e-16,6.334937376232037e-17,2,42ea7877e84194059c00d9b0c56c2023ddad868c25049e9d1245c92b0ad95cc1,0.00010313348517421161,1.5517281926058502e-07,1.196422472204972e-07,4.216358316599944e-05,5.86614132790379e-06,1.3626514307348206e-16,2.3843951772832446e-15,0.00010313348517421161,-1.625,True
0.8290313946973066,47.5,0.042169650342858224,-0.16627298158096138,0.8614818290372686,2.366665089658049,-3.9546800671845066,3.3908700018272495,3.390876189781317,1.8248868474124436e-06,5.7566331357861096e-05,2.0806899293290826e-05,100000.0,10000000.0,1e-08,100000000.0,480,11,31,165292,21164,2877,1.2241506329473654e-16,5.565336719481088e-18,2,42ea7877e84194059c00d9b0c56c2023ddad868c25049e9d1245c92b0ad95cc1,0.0001048585686822534,1.5771907269090946e-07,1.1654444365127858e-07,4.194140972457738e-05,6.136153636700476e-06,2.0259563265290316e-16,2.6874142864866687e-16,0.0001048585686822534,-1.375,True
0.8290313946973066,47.5,0.07498942093324558,-0.16327833813798454,0.8584871855942917,2.3595883729757876,-4.038759323884289,3.47187701470396,3.471883806873613,1.956339358955006e-06,5.882078199946746e-05,2.2917062892702234e-05,100000.0,10000000.0,1e-08,100000000.0,480,11,31,165292,21164,2877,3.076083163121752e-16,7.931202132694688e-15,2,42ea7877e84194059c00d9b0c56c2023ddad868c25049e9d1245c92b0ad95cc1,0.00010780887512673587,1.6219472898093557e-07,1.1106008757089114e-07,4.156378628028534e-05,6.6007703601379804e-06,3.076083163121752e-16,7.931202132694688e-15,0.00010780887512673587,-1.125,True
0.8290313946973066,47.5,0.1333521432163324,-0.15802914819128877,0.853237995647596,2.34723489664752,-4.184200415244439,3.6132082010022715,3.6132160677685854,2.1772247478235585e-06,6.102969806646421e-05,2.6670540119511088e-05,100000.0,10000000.0,1e-08,100000000.0,480,11,31,165292,21164,2877,1.376853005796828e-16,3.7691913648446694e-16,2,42ea7877e84194059c00d9b0c56c2023ddad868c25049e9d1245c92b0ad95cc1,0.00011271688210312547,1.6956187787187105e-07,1.0198992406174057e-07,4.09424673111225e-05,7.381401412770214e-06,1.7006303663897732e-16,3.7691913648446694e-16,0.00011271688210312547,-0.875,True
0.8290313946973066,47.5,0.23713737056616552,-0.1488918853929826,0.8441007328492898,2.325885281608103,-4.430505337810608,3.856329210903198,3.856338986774838,2.5350199905904702e-06,6.488931743035412e-05,3.3340467527231965e-05,100000.0,10000000.0,1e-08,100000000.0,480,11,31,165292,21164,2877,1.3186737836008552e-16,3.3107070310673375e-17,2,42ea7877e84194059c00d9b0c56c2023ddad868c25049e9d1245c92b0ad95cc1,0.0001205288292926987,1.815544801164748e-07,8.724311895136339e-08,3.9973008772342666e-05,8.645648673605652e-06,1.7838908219721777e-16,1.9654278673767827e-15,0.0001205288292926987,-0.625,True
0.8290313946973066,47.5,0.4216965034285822,-0.1330951115794945,0.8283039590358017,2.2894324743014547,-4.832404948487468,4.264783158186312,4.264796301941399,3.0819281073846128e-06,7.153636981905945e-05,4.511049392164068e-05,100000.0,10000000.0,1e-08,100000000.0,480,11,31,165292,21164,2877,1.3409344500478885e-16,7.192400221820865e-15,2,42ea7877e84194059c00d9b0c56c2023ddad868c25049e9d1245c92b0ad95cc1,0.00013216813840899455,1.9954686947265543e-07,6.477548541994338e-08,3.858146508450844e-05,1.0577441395830512e-05,1.3409344500478885e-16,1.2397475357991424e-14,0.00013216813840899455,-0.375,True
0.8290313946973066,47.5,0.7498942093324559,-0.10588526927108566,0.8010941167273928,2.227977262623749,-5.4470823661623955,4.925540214268966,4.925559186290304,3.851764580620198e-06,8.268888826603514e-05,6.548638175640775e-05,100000.0,10000000.0,1e-08,100000000.0,480,11,31,165292,21164,2877,1.3132861507975286e-16,1.2405137672223692e-14,2,42ea7877e84194059c00d9b0c56c2023ddad868c25049e9d1245c92b0ad95cc1,0.0001480008455212456,2.2481099826165973e-07,3.4412910743242264e-08,3.6814403546525654e-05,1.3295268926380504e-05,1.707083293791239e-16,1.2405137672223692e-14,0.0001480008455212456,-0.125,True
0.9162978572970231,52.5,0.011547819846894581,-0.04184905597744826,0.8103624735292301,2.2487229415086407,-3.0589614636214315,2.9360889142924416,2.936094476241661,1.8943395045933897e-06,4.5620730336681404e-05,1.8870165892526103e-05,100000.0,10000000.0,1e-08,100000000.0,480,12,29,161448,20683,2877,1.3867791005129883e-16,2.6698761000779164e-15,2,42ea7877e84194059c00d9b0c56c2023ddad868c25049e9d1245c92b0ad95cc1,0.00014292656445169527,1.6524914414617342e-07,1.0530036043121527e-07,3.492526980330979e-05,6.426973584031791e-06,1.9313723956927548e-16,3.2642168589255167e-14,0.00014292656445169527,-1.9375,True
0.9162978572970231,52.5,0.01539926526059492,-0.041878341783430084,0.8103917593352119,2.24878879813674,-3.069824002285217,2.9464323032480557,2.9464379355503083,1.911566828161071e-06,4.576101537819476e-05,1.9115631521682275e-05,100000.0,10000000.0,1e-08,100000000.0,480,12,29,161448,20683,2877,2.5700564307343946e-16,2.4360722076474375e-17,2,42ea7877e84194059c00d9b0c56c2023ddad868c25049e9d1245c92b0ad95cc1,0.00014336191891439753,1.6580481987382711e-07,1.0451654919307884e-07,3.489072384366132e-05,6.4877212690784705e-06,2.5700564307343946e-16,2.645812331072248e-14,0.00014336191891439753,-1.8125,True
0.9162978572970231,52.5,0.023713737056616554,-0.0419303205620325,0.8104437381138143,2.248905690469736,-3.0931720338133477,2.9686937530955486,2.96869953727289,1.948391387784909e-06,4.606340813343078e-05,1.964585887970216e-05,100000.0,10000000.0,1e-08,100000000.0,480,12,29,161448,20683,2877,2.558538365595664e-16,1.3652676612117067e-16,2,42ea7877e84194059c00d9b0c56c2023ddad868c25049e9d1245c92b0ad95cc1,0.00014429289311768123,1.66664349432466e-07,1.0266203953612774e-07,3.481698049734305e-05,6.617677845421684e-06,2.558538365595664e-16,1.3652676612117067e-16,0.00014429289311768123,-1.625,True
0.9162978572970231,52.5,0.042169650342858224,-0.0419926549676084,0.8105060725193902,2.249045879038388,-3.1445048173894965,3.0177802140910934,3.017786334877693,2.0282413448757808e-06,4.6732517299779915e-05,2.082095432331954e-05,100000.0,10000000.0,1e-08,100000000.0,480,12,29,161448,20683,2877,1.6565434681526627e-16,1.3749475275329006e-17,2,42ea7877e84194059c00d9b0c56c2023ddad868c25049e9d1245c92b0ad95cc1,0.0001463167803952281,1.6910838152028873e-07,9.924634514213437e-08,3.4657571149843136e-05,6.89942701131748e-06,1.6565434681526627e-16,3.6356860444120014e-16,0.0001463167803952281,-1.375,True
0.9162978572970231,52.5,0.07498942093324558,-0.04193438503175595,0.8104478025835378,2.2489148310974016,-3.2341353032976383,3.103972140432882,3.1039788600412583,2.1648417165565093e-06,4.7915442481808834e-05,2.2911782207923892e-05,100000.0,10000000.0,1e-08,100000000.0,480,12,29,161448,20683,2877,3.257346963181202e-16,2.2644718706915407e-17,2,42ea7877e84194059c00d9b0c56c2023ddad868c25049e9d1245c92b0ad95cc1,0.00014977756134970655,1.7265227647556003e-07,9.28056238524988e-08,3.43866745957655e-05,7.3814393851900354e-06,3.257346963181202e-16,2.13075579154969e-15,0.00014977756134970655,-1.125,True
0.9162978572970231,52.5,0.1333521432163324,-0.04135522354488974,0.8098686410966716,2.247612723341717,-3.388451136101173,3.25388595504088,3.253893736908531,2.391561277237386e-06,4.9996218715897756e-05,2.662138491604793e-05,100000.0,10000000.0,1e-08,100000000.0,480,12,29,161448,20683,2877,1.7687731228756922e-16,2.2909209409907985e-17,2,42ea7877e84194059c00d9b0c56c2023ddad868c25049e9d1245c92b0ad95cc1,0.00015553782247557102,1.7886003567113562e-07,8.243267823893063e-08,3.3941684853822096e-05,8.181413019348884e-06,1.7687731228756922e-16,4.2501152990302554e-15,0.00015553782247557102,-0.875,True
0.9162978572970231,52.5,0.23713737056616552,-0.03909002611562973,0.8076034436674115,2.2425271988119126,-3.647661173463852,3.510438058095595,3.5104477169086286,2.7514551954599398e-06,5.362338667431943e-05,3.317796828072872e-05,100000.0,10000000.0,1e-08,100000000.0,480,12,29,161448,20683,2877,1.2436042641550897e-16,1.647145723449461e-16,2,42ea7877e84194059c00d9b0c56c2023ddad868c25049e9d1245c92b0ad95cc1,0.00016472557860303105,1.8881291152794688e-07,6.60381207495675e-08,3.324700515783263e-05,9.451233074520533e-06,1.7763811001298099e-16,4.0107607937263765e-15,0.00016472557860303105,-0.625,True
0.9162978572970231,52.5,0.4216965034285822,-0.032221014845249085,0.8007344323970309,2.227176038216551,-4.064767996214479,3.9378853343960163,3.9378982756668344,3.286350342746047e-06,5.984193917819916e-05,4.4648839052641165e-05,100000.0,10000000.0,1e-08,100000000.0,480,12,29,161448,20683,2877,1.3219412933840248e-16,7.400509155785036e-16,2,42ea7877e84194059c00d9b0c56c2023ddad868c25049e9d1245c92b0ad95cc1,0.0001784859956759366,2.0397553113227218e-07,4.207475901019109e-08,3.223902724025507e-05,1.1338278101357996e-05,2.0653049230065683e-16,1.3292472061256656e-13,0.0001784859956759366,-0.375,True
0.9162978572970231,52.5,0.7498942093324559,-0.014530329244539342,0.7830437467963212,2.1881222299876395,-4.688042686144856,4.620899495075483,4.620918037659221,4.01276499473191e-06,7.01876597342057e-05,6.42336813969635e-05,100000.0,10000000.0,1e-08,100000000.0,480,12,29,161448,20683,2877,8.944131456960425e-17,3.5124345048226046e-15,2,42ea7877e84194059c00d9b0c56c2023ddad868c25049e9d1245c92b0ad95cc1,0.0001973715271481602,2.2506855401616122e-07,1.0780424775092001e-08,3.090086375490131e-05,1.3900687834785776e-05,1.1924190400397004e-16,1.7356528915615742e-13,0.0001973715271481602,-0.125,True
1.0035643198967394,57.5,0.011547819846894581,0.0798570835951159,0.7498188361806712,2.116616527542367,-2.408890190404606,2.617952219657841,2.617954883070892,1.0173650348832552e-06,2.6819234367945632e-05,8.825081241781163e-06,100000.0,10000000.0,1e-08,100000000.0,480,14,28,165292,21164,2877,2.0212547430093606e-16,8.308090430949304e-17,2,42ea7877e84194059c00d9b0c56c2023ddad868c25049e9d1245c92b0ad95cc1,0.00013127609507979088,7.163055670833529e-08,6.376459049661776e-08,3.0866648516147954e-05,3.3709863669454504e-06,2.0212547430093606e-16,2.78990025819059e-15,0.00013127609507979088,-1.9375,True
1.0035643198967394,57.5,0.01539926526059492,0.07927333651293123,0.7504025832628558,2.117852456964424,-2.420599203278395,2.62900956306713,2.6290122814561685,1.0339973945949765e-06,2.7036573133221353e-05,9.016399123318308e-06,100000.0,10000000.0,1e-08,100000000.0,480,14,28,165292,21164,2877,2.0165856546043819e-16,7.98288186493478e-18,2,42ea7877e84194059c00d9b0c56c2023ddad868c25049e9d1245c92b0ad95cc1,0.00013176961330252368,7.256574985348152e-08,6.355542137015391e-08,3.085551106851714e-05,3.42958019247345e-06,2.0165856546043819e-16,7.266316294116884e-17,0.00013176961330252368,-1.8125,True
1.0035643198967394,57.5,0.023713737056616554,0.07804860731134888,0.7516273124644381,2.120447841710441,-2.445749010684473,2.6527960476875356,2.6527988835119283,1.0689945031394643e-06,2.750356354617118e-05,9.424718820483236e-06,100000.0,10000000.0,1e-08,100000000.0,480,14,28,165292,21164,2877,2.006622586245552e-16,1.6012678612419824e-16,2,42ea7877e84194059c00d9b0c56c2023ddad868c25049e9d1245c92b0ad95cc1,0.00013282191608454674,7.503731425106963e-08,6.358726312161167e-08,3.0832106111211566e-05,3.5527491186888796e-06,2.006622586245552e-16,6.372456121591953e-16,0.00013282191608454674,-1.625,True
1.0035643198967394,57.5,0.042169650342858224,0.07549612196699673,0.7541797978087903,2.1258671671819673,-2.50095842241837,2.705189758359337,2.705192854574125,1.144546247999756e-06,2.8531495430214128e-05,1.0330318799933735e-05,100000.0,10000000.0,1e-08,100000000.0,480,14,28,165292,21164,2877,2.0953388847096884e-16,9.772252895080799e-14,2,42ea7877e84194059c00d9b0c56c2023ddad868c25049e9d1245c92b0ad95cc1,0.00013509574048964357,8.018396524533955e-08,6.34433895418951e-08,3.078103413323152e-05,3.818703944154713e-06,2.646454384000126e-16,9.772252895080799e-14,0.00013509574048964357,-1.375,True
1.0035643198967394,57.5,0.07498942093324558,0.0714794758431011,0.758196443932686,2.1344231950638783,-2.597078084365444,2.797006653917105,2.7970102104429704,1.2715471593427452e-06,3.0329483560977753e-05,1.1931381178165168e-05,100000.0,10000000.0,1e-08,100000000.0,480,14,28,165292,21164,2877,1.731997630165572e-16,4.838259096214692e-16,2,42ea7877e84194059c00d9b0c56c2023ddad868c25049e9d1245c92b0ad95cc1,0.00013894062649566497,8.89307743001666e-08,6.310632316708364e-08,3.0693514182944526e-05,4.265767892062647e-06,2.7059471638751316e-16,4.838259096214692e-16,0.00013894062649566497,-1.125,True
1.0035643198967394,57.5,0.1333521432163324,0.06577200988397924,0.7639039098918079,2.14664017362253,-2.7617305516327586,2.956163357179849,2.956167724856856,1.4774816137208546e-06,3.34340867196683e-05,1.4753121606592146e-05,100000.0,10000000.0,1e-08,100000000.0,480,14,28,165292,21164,2877,2.413186073626973e-16,6.429223258240913e-17,2,42ea7877e84194059c00d9b0c56c2023ddad868c25049e9d1245c92b0ad95cc1,0.00014522251859783175,1.0259256433275965e-07,6.22669800165454e-08,3.0546339033543646e-05,4.990631377241101e-06,2.413186073626973e-16,4.398941037558561e-16,0.00014522251859783175,-0.875,True
1.0035643198967394,57.5,0.23713737056616552,0.0592179135146087,0.7704580062611783,2.1607556668132153,-3.035909389604082,3.2270059487906977,3.2270117324298133,1.792261683952745e-06,3.86729004059813e-05,1.9681047497943638e-05,100000.0,10000000.0,1e-08,100000000.0,480,14,28,165292,21164,2877,1.3966398630666194e-16,5.15915423805658e-18,2,42ea7877e84194059c00d9b0c56c2023ddad868c25049e9d1245c92b0ad95cc1,0.00015495312465063638,1.229487421872122e-07,6.019077625207814e-08,3.0306348781317105e-05,6.098856900254243e-06,1.8952303152673393e-16,7.53784186185279e-15,0.00015495312465063638,-0.625,True
1.0035643198967394,57.5,0.4216965034285822,0.05540714107562239,0.7742687787001648,2.1690055241364568,-3.470715822771225,3.6742981804069346,3.6743063962369233,2.236027013990949e-06,4.717172478189962e-05,2.8150253611247678e-05,100000.0,10000000.0,1e-08,100000000.0,480,14,28,165292,21164,2877,1.570913074752236e-16,8.899424596199082e-18,2,42ea7877e84194059c00d9b0c56c2023ddad868c25049e9d1245c92b0ad95cc1,0.00016890466511709779,1.4976948448097716e-07,5.5485806171873264e-08,2.9923696187594828e-05,7.661396062344071e-06,3.233875330062608e-16,6.695929797940521e-15,0.00016890466511709779,-0.375,True
1.0035643198967394,57.5,0.7498942093324559,0.06275568269368159,0.7669202370821055,2.1531249178845924,-4.105247216631109,4.380124948028248,4.380137208559988,2.79912830936091e-06,6.009585263386879e-05,4.2246162044179414e-05,100000.0,10000000.0,1e-08,100000000.0,480,14,28,165292,21164,2877,1.4958031894517116e-16,4.57445378053356e-14,2,42ea7877e84194059c00d9b0c56c2023ddad868c25049e9d1245c92b0ad95cc1,0.00018691555537964089,1.8077415775419325e-07,4.6580989510047743e-08,2.9307481300921978e-05,9.64496733436723e-06,1.5371833082263718e-16,4.57445378053356e-14,0.00018691555537964089,-0.125,True
1.090830782496456,62.5,0.011547819846894581,0.1978679444462016,0.6822339720853761,1.9782922491019912,-1.8814056965700903,2.3455061838554156,2.3455094570059063,1.395498555156749e-06,2.1642093974857807e-05,1.1123036277815856e-05,100000.0,10000000.0,1e-08,100000000.0,480,15,27,165292,21164,2877,2.5063989748506936e-16,1.9320618120111667e-15,2,42ea7877e84194059c00d9b0c56c2023ddad868c25049e9d1245c92b0ad95cc1,0.00011239337422530582,9.088358898790005e-08,4.43023285834343e-08,2.455227993758413e-05,4.742275400669553e-06,3.1326523638260153e-16,1.4505088803317264e-14,0.00011239337422530582,-1.9375,True
1.090830782496456,62.5,0.01539926526059492,0.19651264869188667,0.683589267839691,1.9809752378989738,-1.894098113951091,2.357346523087656,2.357349849957727,1.4112774844310394e-06,2.1720751005386333e-05,1.1309652407476278e-05,100000.0,10000000.0,1e-08,100000000.0,480,15,27,165292,21164,2877,3.000054826993574e-16,2.5440594060550928e-14,2,42ea7877e84194059c00d9b0c56c2023ddad868c25049e9d1245c92b0ad95cc1,0.00011284333702654692,9.094111741436706e-08,4.331515335298519e-08,2.4572970997005505e-05,4.797619822419183e-06,3.000054826993574e-16,1.1504769412071043e-13,0.00011284333702654692,-1.8125,True
1.090830782496456,62.5,0.023713737056616554,0.1936643855043345,0.6864375310272431,1.9866256198119914,-1.9213393520694997,2.3828035343214125,2.3828069769399693,1.4447765026570636e-06,2.1890537417033058e-05,1.1711680772075184e-05,100000.0,10000000.0,1e-08,100000000.0,480,15,27,165292,21164,2877,1.989208826706278e-16,1.2633012003613038e-17,2,42ea7877e84194059c00d9b0c56c2023ddad868c25049e9d1245c92b0ad95cc1,0.00011380008692407628,9.106299370120752e-08,4.112153073609903e-08,2.4616366438912074e-05,4.915084522656837e-06,1.989208826706278e-16,1.9726979025483324e-14,0.00011380008692407628,-1.625,True
1.090830782496456,62.5,0.042169650342858224,0.18770231575864071,0.6923996007729369,1.9985053991622792,-1.9810402780959255,2.438810692838681,2.438814390924061,1.5163478621627036e-06,2.226723700533413e-05,1.2599137105162583e-05,100000.0,10000000.0,1e-08,100000000.0,480,15,27,165292,21164,2877,2.9487726593058985e-16,9.987783239928275e-18,2,42ea7877e84194059c00d9b0c56c2023ddad868c25049e9d1245c92b0ad95cc1,0.00011585628076360432,9.13659546908363e-08,3.665984793510546e-08,2.470731410053606e-05,5.1660988457032215e-06,2.9487726593058985e-16,1.0413080644025278e-17,0.00011585628076360432,-1.375,True
1.090830782496456,62.5,0.07498942093324558,0.17821693704373953,0.7018849794878381,2.017552169846955,-2.0846531033707234,2.536743816392915,2.536747965854122,1.6357431051883253e-06,2.2936761635904202e-05,1.4167413315835375e-05,100000.0,10000000.0,1e-08,100000000.0,480,15,27,165292,21164,2877,1.2040428954483479e-16,2.5717669401875596e-16,2,42ea7877e84194059c00d9b0c56c2023ddad868c25049e9d1245c92b0ad95cc1,0.00011929928987397531,9.20652573066505e-08,2.930952980317869e-08,2.485121158002368e-05,5.58488138387601e-06,1.2040428954483479e-16,2.582128477693635e-14,0.00011929928987397531,-1.125,True
1.090830782496456,62.5,0.1333521432163324,0.16434324921249854,0.7157586673190791,2.045738128329784,-2.2611776751922568,2.705868974386171,2.7058739163572127,1.826389632419989e-06,2.4123754705375918e-05,1.692170994616049e-05,100000.0,10000000.0,1e-08,100000000.0,480,15,27,165292,21164,2877,1.9789673925942033e-16,1.272354919517276e-14,2,42ea7877e84194059c00d9b0c56c2023ddad868c25049e9d1245c92b0ad95cc1,0.00012483680245867212,9.318556060122773e-08,1.751289968598968e-08,2.505941152175506e-05,6.25370633476412e-06,2.327939722732808e-16,3.121232719773856e-14,0.00012483680245867212,-0.875,True
1.090830782496456,62.5,0.23713737056616552,0.14689461026591943,0.7332073062656582,2.0817467111121113,-2.55242468788988,2.991921887500313,2.991928205460362,2.111672793292385e-06,2.6212922102439702e-05,2.1706218053640924e-05,100000.0,10000000.0,1e-08,100000000.0,480,15,27,165292,21164,2877,2.3165154605367564e-16,1.5537624484056953e-15,2,42ea7877e84194059c00d9b0c56c2023ddad868c25049e9d1245c92b0ad95cc1,0.00013321673460997552,9.547042778557113e-08,5.015854398493502e-10,2.5313511726410276e-05,7.254941428894057e-06,2.3165154605367564e-16,6.066289967282018e-14,0.00013321673460997552,-0.625,True
1.090830782496456,62.5,0.4216965034285822,0.13080768160136513,0.7492942349302125,2.1155064390676364,-3.007353163779316,3.4599398776555494,3.459948538683981,2.503230905004372e-06,2.9826301932092042e-05,2.9859591474057368e-05,100000.0,10000000.0,1e-08,100000000.0,480,15,27,165292,21164,2877,1.628979244579996e-16,3.807395011129512e-14,2,42ea7877e84194059c00d9b0c56c2023ddad868c25049e9d1245c92b0ad95cc1,0.0001448483547352719,9.984132154361447e-08,2.2013628919737016e-08,2.5517435930599852e-05,8.630089692278175e-06,1.8324000310174369e-16,3.807395011129512e-14,0.0001448483547352719,-0.375,True
1.090830782496456,62.5,0.7498942093324559,0.1273478002195385,0.7527541163120391,2.1228385171553112,-3.6557192356014787,4.189205317446253,4.189217832578071,2.9874715774536043e-06,3.585353775526994e-05,4.3286834311206945e-05,100000.0,10000000.0,1e-08,100000000.0,480,15,27,165292,21164,2877,1.9186659653232784e-16,1.254863620175278e-14,2,42ea7877e84194059c00d9b0c56c2023ddad868c25049e9d1245c92b0ad95cc1,0.0001592203027092065,1.076185515147543e-07,4.7826843041498535e-08,2.5429347310312878e-05,1.033294647338858e-05,2.1925187583188136e-16,1.254863620175278e-14,0.0001592203027092065,-0.125,True
1.1780972450961724,67.5,0.011547819846894581,0.3136819063634705,0.607144501726342,1.8351835462823654,-1.4472235142022583,2.108677488792391,2.108681222172434,1.770484136409678e-06,1.8122304472364252e-05,1.286201160088929e-05,100000.0,10000000.0,1e-08,100000000.0,480,16,26,165292,21164,2877,1.999550190601852e-16,9.173430877193318e-16,2,42ea7877e84194059c00d9b0c56c2023ddad868c25049e9d1245c92b0ad95cc1,9.878564176890592e-05,1.1433826141438175e-07,2.970023837978175e-08,1.8680042514040984e-05,6.099563195059846e-06,1.999550190601852e-16,2.6798960926801856e-15,9.878564176890592e-05,-1.9375,True
1.1780972450961724,67.5,0.01539926526059492,0.311272889683586,0.6095535184062265,1.839609863451328,-1.4610515853417128,2.1213795180365103,2.1213833047437722,1.7850211289083262e-06,1.8378362668404903e-05,1.3047013854405876e-05,100000.0,10000000.0,1e-08,100000000.0,480,16,26,165292,21164,2877,2.1270500397059511e-16,1.9175641067147054e-14,2,42ea7877e84194059c00d9b0c56c2023ddad868c25049e9d1245c92b0ad95cc1,9.933325825028927e-05,1.1531431087785649e-07,3.0301955278311254e-08,1.8744498002098986e-05,6.150249751860444e-06,2.1270500397059511e-16,1.9175641067147054e-14,9.933325825028927e-05,-1.8125,True
1.1780972450961724,67.5,0.023713737056616554,0.3062202499596237,0.6146061581301888,1.8489282707772472,-1.4907054583432149,2.148672483243363,2.1486763848642703,1.815828581497314e-06,1.892788379624009e-05,1.3445548599611001e-05,100000.0,10000000.0,1e-08,100000000.0,480,16,26,165292,21164,2877,1.0035270193943568e-16,2.490420058492481e-14,2,42ea7877e84194059c00d9b0c56c2023ddad868c25049e9d1245c92b0ad95cc1,0.00010049177291204803,1.1803101862550847e-07,3.0787809190968574e-08,1.8879835762430908e-05,6.257607292161768e-06,1.755903260605067e-16,2.490420058492481e-14,0.00010049177291204803,-1.625,True
1.1780972450961724,67.5,0.042169650342858224,0.29568593105177043,0.6251404770380421,1.8685084215253143,-1.555575791089486,2.208639383581344,2.208643538931271,1.8814071496287e-06,2.0131966852616324e-05,1.4325869047038253e-05,100000.0,10000000.0,1e-08,100000000.0,480,16,26,165292,21164,2877,1.7660757502467785e-16,7.0546328079468194e-15,2,42ea7877e84194059c00d9b0c56c2023ddad868c25049e9d1245c92b0ad95cc1,0.00010295359632039869,1.2359204870637797e-07,3.242131974001694e-08,1.916271629964772e-05,6.48628705687962e-06,1.7660757502467785e-16,6.860770166053151e-14,0.00010295359632039869,-1.375,True
1.1780972450961724,67.5,0.07498942093324558,0.27902964295261556,0.641796765137197,1.8998914731327372,-1.6677765363460746,2.313238706756515,2.313243308963011,1.989507819599723e-06,2.2221021753962e-05,1.5876513592472108e-05,100000.0,10000000.0,1e-08,100000000.0,480,16,26,165292,21164,2877,2.930066832451029e-16,1.836673318441928e-17,2,42ea7877e84194059c00d9b0c56c2023ddad868c25049e9d1245c92b0ad95cc1,0.0001069942573481697,1.3273315069284308e-07,3.493251288233523e-08,1.9612075602193357e-05,6.863326964960397e-06,2.930066832451029e-16,3.054711843987643e-16,0.0001069942573481697,-1.125,True
1.1780972450961724,67.5,0.1333521432163324,0.25482590438032915,0.6660005037094834,1.9464369648661024,-1.8578162097266022,2.493130425020588,2.493135810429901,2.1600993109771593e-06,2.578000381034613e-05,1.859556167338461e-05,100000.0,10000000.0,1e-08,100000000.0,480,16,26,165292,21164,2877,1.7846573052619058e-16,1.7603198064481493e-17,2,42ea7877e84194059c00d9b0c56c2023ddad868c25049e9d1245c92b0ad95cc1,0.00011328452311132331,1.4627767053188023e-07,3.757883126898065e-08,2.0269716007770278e-05,7.458719963770466e-06,2.1668443577469513e-16,6.834214954270096e-16,0.00011328452311132331,-0.875,True
1.1780972450961724,67.5,0.23713737056616552,0.2243225163536462,0.6965038917361663,2.0067247024802084,-2.168310623420401,2.7953765181212553,2.7953832549627995,2.4099943247701816e-06,3.165396234563759e-05,2.3289953170024802e-05,100000.0,10000000.0,1e-08,100000000.0,480,16,26,165292,21164,2877,1.4448438249033895e-16,4.2161726758961536e-14,2,42ea7877e84194059c00d9b0c56c2023ddad868c25049e9d1245c92b0ad95cc1,0.0001223373990084653,1.6545207204288204e-07,4.125187647030515e-08,2.1111300741893935e-05,8.331597915002071e-06,1.4448438249033895e-16,4.2161726758961536e-14,0.0001223373990084653,-0.625,True
1.1780972450961724,67.5,0.4216965034285822,0.19459253224970907,0.7262338758401035,2.0672802941581896,-2.6457875273743636,3.285029793384863,3.285038811553121,2.745231801659642e-06,4.086278501475338e-05,3.122272056854669e-05,100000.0,10000000.0,1e-08,100000000.0,480,16,26,165292,21164,2877,1.329323496281445e-16,2.8638872189305785e-15,2,42ea7877e84194059c00d9b0c56c2023ddad868c25049e9d1245c92b0ad95cc1,0.0001340194388036453,1.884454478018327e-07,4.246517992800847e-08,2.1954134644119883e-05,9.504547152485672e-06,1.606088357023674e-16,2.8638872189305785e-15,0.0001340194388036453,-0.375,True
1.1780972450961724,67.5,0.7498942093324559,0.18021391099178474,0.7406124970980278,2.097219662142854,-3.3106689861791385,4.038454702475393,4.038467426216345,3.1506459496899453e-06,5.418793473073554e-05,4.4127579270192285e-05,100000.0,10000000.0,1e-08,100000000.0,480,16,26,165292,21164,2877,1.1915139856534368e-16,3.657432063619229e-14,2,42ea7877e84194059c00d9b0c56c2023ddad868c25049e9d1245c92b0ad95cc1,0.0001470760381450109,2.1242516801134315e-07,3.929650271849994e-08,2.2380747652706035e-05,1.0926847648716732e-05,2.0849194984607246e-16,6.562169329872916e-14,0.0001470760381450109,-0.125,True
1.265363707695889,72.5,0.011547819846894581,0.4286041301504052,0.5240075209634812,1.6887819356979672,-1.0857663280533878,1.9001998182786792,1.9002039045492243,2.150442551140941e-06,1.4175756289563126e-05,1.4199227593936214e-05,100000.0,10000000.0,1e-08,100000000.0,480,17,25,165292,21164,2877,4.062196778864917e-16,1.3044287031515432e-17,2,42ea7877e84194059c00d9b0c56c2023ddad868c25049e9d1245c92b0ad95cc1,8.862143720533844e-05,1.2599211063335503e-07,4.184152135877639e-09,1.3083290811399806e-05,7.472491817623038e-06,4.062196778864917e-16,2.6772289166612802e-17,8.862143720533844e-05,-1.9375,True
1.265363707695889,72.5,0.01539926526059492,0.4247725856290905,0.527839065484796,1.6952649909975612,-1.1009011031665021,1.9138536788454166,1.9138578182815846,2.162880168743442e-06,1.4256581571279899e-05,1.4383293868380775e-05,100000.0,10000000.0,1e-08,100000000.0,480,17,25,165292,21164,2877,1.9142792631864627e-16,1.3003145080306391e-17,2,42ea7877e84194059c00d9b0c56c2023ddad868c25049e9d1245c92b0ad95cc1,8.92981968809714e-05,1.256313447717261e-07,2.9260949219178656e-09,1.3208261495978313e-05,7.515357118135532e-06,1.9142792631864627e-16,5.4489482449356914e-14,8.92981968809714e-05,-1.8125,True
1.265363707695889,72.5,0.023713737056616554,0.41676409391002134,0.5358475572038651,1.7088960157609259,-1.1333274285933799,1.9431715653297517,1.9431758191811428,2.1891280559405146e-06,1.443088424960829e-05,1.4779505671080884e-05,100000.0,10000000.0,1e-08,100000000.0,480,17,25,165292,21164,2877,1.6800003313752942e-16,1.3040295719888755e-16,2,42ea7877e84194059c00d9b0c56c2023ddad868c25049e9d1245c92b0ad95cc1,9.072129330800482e-05,1.2465723164822862e-07,7.121432332723998e-10,1.3469704310486996e-05,7.60586761085753e-06,1.6800003313752942e-16,1.4526199550100593e-14,9.072129330800482e-05,-1.625,True
1.265363707695889,72.5,0.042169650342858224,0.4001858422318081,0.5524258088820784,1.737462662265091,-1.204121761400644,2.0074913968036023,2.0074959037103794,2.245044130377849e-06,1.4817450867701545e-05,1.5656129273233788e-05,100000.0,10000000.0,1e-08,100000000.0,480,17,25,165292,21164,2877,2.2949925584876396e-16,2.1436579749291091e-16,2,42ea7877e84194059c00d9b0c56c2023ddad868c25049e9d1245c92b0ad95cc1,9.370481707415834e-05,1.2240007607466907e-07,4.328590819113742e-09,1.4011902212951455e-05,7.798852487319259e-06,2.2949925584876396e-16,6.898918316666546e-16,9.370481707415834e-05,-1.375,True
1.265363707695889,72.5,0.07498942093324558,0.37428953854888725,0.5783221125649992,1.7830441720257142,-1.3261146560613353,2.1193742757407064,2.1193792273902003,2.3363733110404183e-06,1.55013641372423e-05,1.7197336095842175e-05,100000.0,10000000.0,1e-08,100000000.0,480,17,25,165292,21164,2877,1.2217661089511407e-16,3.198989977198688e-16,2,42ea7877e84194059c00d9b0c56c2023ddad868c25049e9d1245c92b0ad95cc1,9.848420115465828e-05,1.1914389352885024e-07,1.243185843158301e-08,1.4862719387553902e-05,8.114345961772999e-06,1.7102099662910654e-16,7.393285870335429e-14,9.848420115465828e-05,-1.125,True
1.265363707695889,72.5,0.1333521432163324,0.337299965164931,0.6153116859489555,1.850233201385478,-1.5314407966600925,2.3109109946572333,2.310916719728342,2.477408745704679e-06,1.6701899494675763e-05,1.98783458953411e-05,100000.0,10000000.0,1e-08,100000000.0,480,17,25,165292,21164,2877,2.9902977494064886e-16,1.1172808094800745e-17,2,42ea7877e84194059c00d9b0c56c2023ddad868c25049e9d1245c92b0ad95cc1,0.0001056426175091163,1.1455260018333746e-07,2.4159137357315785e-08,1.6088462580943208e-05,8.601952191711114e-06,2.9902977494064886e-16,3.4446993031428294e-14,0.0001056426175091163,-0.875,True
1.265363707695889,72.5,0.23713737056616552,0.2915672057406947,0.6610444453731917,1.936814174971002,-1.8634603630665334,2.630398222903918,2.6304052727620304,2.680148599276677e-06,1.8776613332655434e-05,2.4474351154823992e-05,100000.0,10000000.0,1e-08,100000000.0,480,17,25,165292,21164,2877,2.317521317567002e-16,2.906040521087123e-17,2,42ea7877e84194059c00d9b0c56c2023ddad868c25049e9d1245c92b0ad95cc1,0.00011535470713053275,1.09303748829781e-07,4.0717518579036494e-08,1.7627980374190777e-05,9.304428105872386e-06,2.317521317567002e-16,4.9688846906066525e-15,0.00011535470713053275,-0.625,True
1.265363707695889,72.5,0.4216965034285822,0.24714261224306155,0.7054690388708249,2.024796170341544,-2.365949029385796,3.1426257719737585,3.142635031638346,2.946473827813989e-06,2.225033718278307e-05,3.2150674340591934e-05,100000.0,10000000.0,1e-08,100000000.0,480,17,25,165292,21164,2877,2.385790222662282e-16,4.5788934821733194e-18,2,42ea7877e84194059c00d9b0c56c2023ddad868c25049e9d1245c92b0ad95cc1,0.0001268761360261328,1.0476265588366118e-07,6.085767545460641e-08,1.9169864108214973e-05,1.0230513167464851e-05,2.385790222662282e-16,4.784821167463106e-14,0.0001268761360261328,-0.375,True
1.265363707695889,72.5,0.7498942093324559,0.22208441049146066,0.7305272406224258,2.07617496293422,-3.0502527732535683,3.921058806882395,3.9210716028303785,3.2633909905488423e-06,2.7765376791582292e-05,4.4458540075176245e-05,100000.0,10000000.0,1e-08,100000000.0,480,17,25,165292,21164,2877,2.565249964559264e-16,2.1190251226738753e-15,2,42ea7877e84194059c00d9b0c56c2023ddad868c25049e9d1245c92b0ad95cc1,0.00013835144200680105,1.0384599158363983e-07,8.196302758722851e-08,2.010557965581583e-05,1.1338401759530076e-05,2.565249964559264e-16,1.0310440671398088e-13,0.00013835144200680105,-0.125,True
1.3526301702956054,77.5,0.011547819846894581,0.5437978479343328,0.4322126994982638,1.5406627785129599,-0.7822572301186618,1.7147162208170847,1.7147205821343363,2.5434629933318575e-06,1.2001427076816155e-05,1.5244546181292229e-05,100000.0,10000000.0,1e-08,100000000.0,480,18,24,165292,21164,2877,2.2806758392299633e-16,4.1957678736370386e-16,2,42ea7877e84194059c00d9b0c56c2023ddad868c25049e9d1245c92b0ad95cc1,8.109455418503497e-05,1.4817004212464013e-07,1.2091728729402007e-08,7.6141448339672735e-06,8.890419298668558e-06,2.2806758392299633e-16,9.43609600262172e-15,8.109455418503497e-05,-1.9375,True
1.3526301702956054,77.5,0.01539926526059492,0.5380589334434314,0.43795161398916527,1.5495299300336118,-0.7988927493160665,1.7294256933492087,1.729430108551088,2.5529873275420556e-06,1.2288504642907326e-05,1.5431053663195193e-05,100000.0,10000000.0,1e-08,100000000.0,480,18,24,165292,21164,2877,1.599060051997966e-16,1.488716786899663e-17,2,42ea7877e84194059c00d9b0c56c2023ddad868c25049e9d1245c92b0ad95cc1,8.197842613677508e-05,1.4927787694851702e-07,1.0986558995895734e-08,7.822089964082402e-06,8.92264624177717e-06,1.827214938707553e-16,2.1917567749532242e-15,8.197842613677508e-05,-1.8125,True
1.3526301702956054,77.5,0.023713737056616554,0.526118490418825,0.4498920570137718,1.5681429063259424,-0.8344984106384685,1.7609853808729805,1.7609899117837893,2.5729406150087897e-06,1.2904862934754661e-05,1.5830996698218414e-05,100000.0,10000000.0,1e-08,100000000.0,480,18,24,165292,21164,2877,9.169299209065999e-17,1.513040972348677e-17,2,42ea7877e84194059c00d9b0c56c2023ddad868c25049e9d1245c92b0ad95cc1,8.382465021816721e-05,1.5190423097166672e-07,9.090730612726361e-09,8.255101393794817e-06,8.989851290173941e-06,2.5211679316243986e-16,1.4063142444076597e-15,8.382465021816721e-05,-1.625,True
1.3526301702956054,77.5,0.042169650342858224,0.5016332312586633,0.47437731617393336,1.6070132247300384,-0.9120641846349291,1.8301063430421272,1.8301111281943612,2.614685344459744e-06,1.4255868131958701e-05,1.671011229831265e-05,100000.0,10000000.0,1e-08,100000000.0,480,18,24,165292,21164,2877,1.385915084855338e-16,9.277028294698116e-15,2,42ea7877e84194059c00d9b0c56c2023ddad868c25049e9d1245c92b0ad95cc1,8.763981868242787e-05,1.576054921015313e-07,4.604051362377959e-09,9.14495212822608e-06,9.130678313772722e-06,2.0785518359169403e-16,9.277028294698116e-15,8.763981868242787e-05,-1.375,True
1.3526301702956054,77.5,0.07498942093324558,0.4639990692818793,0.5120114781507173,1.6686442629800913,-1.0451844013084968,1.9499675120119373,1.9499727433222405,2.6827679286967054e-06,1.659745242399661e-05,1.8253585367666858e-05,100000.0,10000000.0,1e-08,100000000.0,480,18,24,165292,21164,2877,2.1065705120148002e-16,1.3992168766644627e-17,2,42ea7877e84194059c00d9b0c56c2023ddad868c25049e9d1245c92b0ad95cc1,9.359362899430401e-05,1.6605638308853088e-07,1.940883564977014e-09,1.0516778293556683e-05,9.360968967546118e-06,2.1065705120148002e-16,3.017411832461273e-14,9.359362899430401e-05,-1.125,True
1.3526301702956054,77.5,0.1333521432163324,0.4114896803083322,0.5645208671242644,1.7586049753704516,-1.2677196640492694,2.15411628586811,2.154122289311543,2.7869634857680126e-06,2.055876304341342e-05,2.0925982347153038e-05,100000.0,10000000.0,1e-08,100000000.0,480,18,24,165292,21164,2877,2.753235115082353e-16,1.3134809770539158e-17,2,42ea7877e84194059c00d9b0c56c2023ddad868c25049e9d1245c92b0ad95cc1,0.00010214802547636737,1.7866371637698109e-07,1.1194030480332628e-08,1.2442652664867992e-05,9.714416294253054e-06,3.8299987042028476e-16,1.818765650104204e-16,0.00010214802547636737,-0.875,True
1.3526301702956054,77.5,0.23713737056616552,0.34843982168271304,0.6275707257498836,1.8730548839894061,-1.6236613308976096,2.4919591235469016,2.4919664394498424,2.9358037503257606e-06,2.6989782401838737e-05,2.5473304344547643e-05,100000.0,10000000.0,1e-08,100000000.0,480,18,24,165292,21164,2877,1.304876773528801e-16,2.5309516113037326e-15,2,42ea7877e84194059c00d9b0c56c2023ddad868c25049e9d1245c92b0ad95cc1,0.00011304111569299113,1.9460297917550662e-07,2.1257076210368098e-08,1.4780997634633586e-05,1.0222199916461913e-05,2.508194856478526e-16,4.349139861577637e-15,0.00011304111569299113,-0.625,True
1.3526301702956054,77.5,0.4216965034285822,0.2886736659849093,0.6873368814476873,1.9884130960617123,-2.153705784538816,3.0277323944724444,3.027741871239287,3.1299882579105542e-06,3.676433881134126e-05,3.2971263649983484e-05,100000.0,10000000.0,1e-08,100000000.0,480,18,24,165292,21164,2877,1.528205573488403e-16,9.742685990437379e-14,2,42ea7877e84194059c00d9b0c56c2023ddad868c25049e9d1245c92b0ad95cc1,0.00012482088148579873,2.1231402791421772e-07,2.955951072802776e-08,1.7046108884755107e-05,1.0889754890550172e-05,2.801398399887431e-16,9.742685990437379e-14,0.00012482088148579873,-0.375,True
1.3526301702956054,77.5,0.7498942093324559,0.2535034199361714,0.7225071274964252,2.0595903987986026,-2.8607204452794734,3.8321949780866644,3.832207856552549,3.3605977665107645e-06,5.026660586272456e-05,4.480275851515003e-05,100000.0,10000000.0,1e-08,100000000.0,480,18,24,165292,21164,2877,2.3972490259323003e-16,6.56797704973836e-14,2,42ea7877e84194059c00d9b0c56c2023ddad868c25049e9d1245c92b0ad95cc1,0.00013504957479992807,2.2819891043468488e-07,3.24115481120657e-08,1.844514896265359e-05,1.1691147963854157e-05,2.9676962896618403e-16,6.56797704973836e-14,0.00013504957479992807,-0.125,True
1.4398966328953218,82.5,0.011547819846894581,0.6603238219549716,0.33108423415394483,1.3924770814970946,-0.5258899710032239,1.5482097509160928,1.5482143326019904,2.959344426622934e-06,9.228104728462785e-06,1.608423546906046e-05,100000.0,10000000.0,1e-08,100000000.0,480,19,23,165292,21164,2877,1.741031641211737e-16,6.488213667256845e-14,2,42ea7877e84194059c00d9b0c56c2023ddad868c25049e9d1245c92b0ad95cc1,7.554107290741463e-05,1.558468516460465e-07,4.421548360777905e-08,2.1270068593093328e-06,1.0388925311666098e-05,1.741031641211737e-16,6.488213667256845e-14,7.554107290741463e-05,-1.9375,True
1.4398966328953218,82.5,0.01539926526059492,0.6520363842359033,0.33937167187301315,1.4040650997514335,-0.5442481342336503,1.56409495009566,1.5640995861954876,2.964078253286928e-06,9.311415069536446e-06,1.6271889110464066e-05,100000.0,10000000.0,1e-08,100000000.0,480,19,23,165292,21164,2877,1.7443148914974647e-16,1.6278407674889818e-13,2,42ea7877e84194059c00d9b0c56c2023ddad868c25049e9d1245c92b0ad95cc1,7.669659690923147e-05,1.5419533994087686e-07,4.54923717585487e-08,2.4503929684227543e-06,1.0403389582882342e-05,1.7443148914974647e-16,1.6278407674889818e-13,7.669659690923147e-05,-1.8125,True
1.4398966328953218,82.5,0.023713737056616554,0.6348915533819967,0.35651650272691976,1.4283451019133333,-0.5834968088784507,1.5981465624347422,1.5981513149221986,2.9737494471326897e-06,9.490545791151695e-06,1.6673386729393336e-05,100000.0,10000000.0,1e-08,100000000.0,480,19,23,165292,21164,2877,1.0946106586901546e-16,3.794223514256561e-14,2,42ea7877e84194059c00d9b0c56c2023ddad868c25049e9d1245c92b0ad95cc1,7.908974825487913e-05,1.5148398202491364e-07,4.791861851760615e-08,3.1201889474363753e-06,1.0432952221848654e-05,1.0946106586901546e-16,9.96916530564179e-14,7.908974825487913e-05,-1.625,True
1.4398966328953218,82.5,0.042169650342858224,0.6001435761184796,0.39126447999043684,1.478849587820034,-0.6687924883484083,1.6725815777979725,1.6725865867783323,2.9947599724522433e-06,9.887511869035458e-06,1.755841251804835e-05,100000.0,10000000.0,1e-08,100000000.0,480,19,23,165292,21164,2877,2.3190940893368253e-16,1.4845134739392425e-16,2,42ea7877e84194059c00d9b0c56c2023ddad868c25049e9d1245c92b0ad95cc1,8.394865231176052e-05,1.4486435040428347e-07,5.304450179099973e-08,4.478571875243809e-06,1.0497791408873925e-05,2.3190940893368253e-16,1.8672758849235193e-13,8.394865231176052e-05,-1.375,True
1.4398966328953218,82.5,0.07498942093324558,0.5477863873185419,0.4436216687903745,1.5583408051198704,-0.8145292571724856,1.8012046394239016,1.8012100957943078,3.0292895580874557e-06,1.0586712464031712e-05,1.9102829774575447e-05,100000.0,10000000.0,1e-08,100000000.0,480,19,23,165292,21164,2877,1.7941681079131409e-16,9.411232983259757e-14,2,42ea7877e84194059c00d9b0c56c2023ddad868c25049e9d1245c92b0ad95cc1,9.130060867101886e-05,1.3541613852474654e-07,6.101514593570556e-08,6.529457107662395e-06,1.0605585482327709e-05,1.7941681079131409e-16,9.411232983259757e-14,9.130060867101886e-05,-1.125,True
1.4398966328953218,82.5,0.1333521432163324,0.47679306806132427,0.5146149880475922,1.6729942549996446,-1.056370374385177,2.0190297756012767,2.0190360006957184,3.0832108157685667e-06,1.1800786512213607e-05,2.1758243240466157e-05,100000.0,10000000.0,1e-08,100000000.0,480,19,23,165292,21164,2877,1.3809996636486662e-16,1.525304409801758e-17,2,42ea7877e84194059c00d9b0c56c2023ddad868c25049e9d1245c92b0ad95cc1,0.0001013607326578736,1.2277195449161837e-07,7.199481333319824e-08,9.320927119915723e-06,1.0776583636061756e-05,1.3809996636486662e-16,1.3822372283158058e-14,0.0001013607326578736,-0.875,True
1.4398966328953218,82.5,0.23713737056616552,0.394561432686955,0.5968466234219615,1.8163820235056567,-1.438770229295538,2.3764099397909924,2.376417457566971,3.1635013189035277e-06,1.385243417282344e-05,2.622910868921302e-05,100000.0,10000000.0,1e-08,100000000.0,480,19,23,165292,21164,2877,2.882093244391362e-16,1.822735764454668e-13,2,42ea7877e84194059c00d9b0c56c2023ddad868c25049e9d1245c92b0ad95cc1,0.00011326518067278357,1.0767749858420217e-07,8.643673621300252e-08,1.2575555540350614e-05,1.1037282856812111e-05,2.882093244391362e-16,1.822735764454668e-13,0.00011326518067278357,-0.625,True
1.4398966328953218,82.5,0.4216965034285822,0.31929654689944587,0.6721115092094706,1.9583680702591537,-1.9990488916214944,2.936739754317352,2.936749367086753,3.273279284288222e-06,1.714835799974194e-05,3.34881427925815e-05,100000.0,10000000.0,1e-08,100000000.0,480,19,23,165292,21164,2877,1.7962304834520511e-16,3.4738914019545132e-15,2,42ea7877e84194059c00d9b0c56c2023ddad868c25049e9d1245c92b0ad95cc1,0.00012482324201956718,9.370584996837295e-08,1.02034392601702e-07,1.559171073273191e-05,1.1403170043702376e-05,1.9242385380673902e-16,1.5094007971420064e-13,0.00012482324201956718,-0.375,True
1.4398966328953218,82.5,0.7498942093324559,0.2748727109251391,0.7165353451837774,2.047327625034578,-2.7326323556893133,3.768486439361132,3.7684992907886796,3.410235847711718e-06,2.2087396470791785e-05,4.474142527932656e-05,100000.0,10000000.0,1e-08,100000000.0,480,19,23,165292,21164,2877,1.3323352944175664e-16,7.34527323694363e-17,2,42ea7877e84194059c00d9b0c56c2023ddad868c25049e9d1245c92b0ad95cc1,0.00013329697167718813,8.470929935278093e-08,1.1682887712805012e-07,1.741788049924864e-05,1.187251858252979e-05,1.4532960746002581e-16,4.2051734827416275e-15,0.00013329697167718813,-0.125,True
1.5271630954950384,87.5,0.011547819846894581,0.7791568389274632,0.21989092942571092,1.2459408276944055,-0.30865736945596706,1.3976315497249534,1.397636315857791,3.410149719718092e-06,8.30455734194111e-06,1.6787420627883964e-05,100000.0,10000000.0,1e-08,100000000.0,480,20,22,165292,21164,2877,2.0732555549467726e-16,2.0496299439645328e-17,2,42ea7877e84194059c00d9b0c56c2023ddad868c25049e9d1245c92b0ad95cc1,9.50552177133579e-05,1.8165789517077258e-07,6.114407880009054e-08,3.5400396857232508e-06,1.2011334912400654e-05,2.280226147833923e-16,4.2642405276515776e-14,9.50552177133579e-05,-1.9375,True
1.5271630954950384,87.5,0.01539926526059492,0.7674679747114291,0.23157979364174505,1.26058990962425,-0.3289938107339799,1.4148322594520064,1.4148370809098614,3.4077946857724584e-06,8.576918452411327e-06,1.6977720858180056e-05,100000.0,10000000.0,1e-08,100000000.0,480,20,22,165292,21164,2877,2.7011443340396617e-16,4.612217135241128e-14,2,42ea7877e84194059c00d9b0c56c2023ddad868c25049e9d1245c92b0ad95cc1,9.648847515575376e-05,1.8268577717250878e-07,5.87962982745438e-08,3.0548695558740846e-06,1.199981181144108e-05,2.7011443340396617e-16,4.612217135241128e-14,9.648847515575376e-05,-1.8125,True
1.5271630954950384,87.5,0.023713737056616554,0.74345498544805,0.25559278290512416,1.2912268112349383,-0.3724175988920577,1.451665702966306,1.4516706427229127,3.4028196689295243e-06,9.175678280624474e-06,1.7384706342715717e-05,100000.0,10000000.0,1e-08,100000000.0,480,20,22,165292,21164,2877,1.9832007903634923e-16,6.60247641709098e-14,2,42ea7877e84194059c00d9b0c56c2023ddad868c25049e9d1245c92b0ad95cc1,9.94345352031134e-05,1.8509732335747486e-07,5.427034344140935e-08,2.0578319567254866e-06,1.1975695442271688e-05,1.9832007903634923e-16,6.60247641709098e-14,9.94345352031134e-05,-1.625,True
1.5271630954950384,87.5,0.042169650342858224,0.695474708766384,0.3035730595867902,1.3546905604592234,-0.46653398845231797,1.5320040794063874,1.532009279275645,3.394161495640091e-06,1.0539832798673993e-05,1.8279970005363744e-05,100000.0,10000000.0,1e-08,100000000.0,480,20,22,165292,21164,2877,2.1090814430680615e-16,5.804340077860658e-15,2,42ea7877e84194059c00d9b0c56c2023ddad868c25049e9d1245c92b0ad95cc1,0.00010533000243651003,1.8960587311322996e-07,4.5413763749557745e-08,6.618222525567319e-08,1.1932063531088485e-05,2.1090814430680615e-16,1.4034464451453879e-13,0.00010533000243651003,-1.375,True
1.5271630954950384,87.5,0.07498942093324558,0.6248780520909533,0.3741697162622209,1.4537838602837698,-0.6265566909701824,1.6702746785749238,1.6702803298601832,3.3834466461879487e-06,1.2997087594216278e-05,1.983430944185738e-05,100000.0,10000000.0,1e-08,100000000.0,480,20,22,165292,21164,2877,2.1466518518378184e-16,6.283539462580734e-16,2,42ea7877e84194059c00d9b0c56c2023ddad868c25049e9d1245c92b0ad95cc1,0.00011402998759468819,1.9618137958588022e-07,3.232867207270118e-08,2.864398173874072e-06,1.1874878842550608e-05,2.1466518518378184e-16,4.993207693303171e-14,0.00011402998759468819,-1.125,True
1.5271630954950384,87.5,0.1333521432163324,0.5323048946175872,0.46674287373558687,1.5947912879671395,-0.8899987936765017,1.9029465637635672,1.9029529869801278,3.375405638328388e-06,1.7252180367666952e-05,2.2495001051003882e-05,100000.0,10000000.0,1e-08,100000000.0,480,20,22,165292,21164,2877,2.2114346661673423e-16,8.25716293065527e-15,2,42ea7877e84194059c00d9b0c56c2023ddad868c25049e9d1245c92b0ad95cc1,0.00012550752601381276,2.0493367514085037e-07,1.52229702177209e-08,6.706467636785618e-06,1.1821141738480677e-05,2.2114346661673423e-16,8.25716293065527e-15,0.00012550752601381276,-0.875,True
1.5271630954950384,87.5,0.23713737056616552,0.42942109173117216,0.5696266766220021,1.767607039211553,-1.3015550634397974,2.2811131722145093,2.2811208782680925,3.378198713210878e-06,2.4150012596127067e-05,2.6923123637834223e-05,100000.0,10000000.0,1e-08,100000000.0,480,20,22,165292,21164,2877,3.7130019181554923e-16,3.7934159198797534e-14,2,42ea7877e84194059c00d9b0c56c2023ddad868c25049e9d1245c92b0ad95cc1,0.00013843258314027995,2.1527634863627299e-07,3.041872642661758e-09,1.0976023188447037e-05,1.180262512433664e-05,3.7130019181554923e-16,5.452496420229218e-14,0.00013843258314027995,-0.625,True
1.5271630954950384,87.5,0.4216965034285822,0.3390608619056308,0.6599869064475434,1.9347670012629592,-1.8949541997942034,2.867063078240104,2.867072831608694,3.401867459507102e-06,3.4369979720889454e-05,3.400604599113066e-05,100000.0,10000000.0,1e-08,100000000.0,480,20,22,165292,21164,2877,1.9982353033809172e-16,6.525702284469747e-16,2,42ea7877e84194059c00d9b0c56c2023ddad868c25049e9d1245c92b0ad95cc1,0.0001501596067621236,2.2495440799019661e-07,1.868573995533751e-08,1.472519066847422e-05,1.1860934016144726e-05,2.996893591295013e-16,4.737656139713136e-15,0.0001501596067621236,-0.375,True
1.5271630954950384,87.5,0.7498942093324559,0.2864780020562232,0.712569766296951,2.0392248625208427,-2.6597689851666213,3.727662206395215,3.727675060941474,3.448420363039162e-06,4.790728760655863e-05,4.476959063914876e-05,100000.0,10000000.0,1e-08,100000000.0,480,20,22,165292,21164,2877,2.6839956595217603e-16,2.697375228202739e-15,2,42ea7877e84194059c00d9b0c56c2023ddad868c25049e9d1245c92b0ad95cc1,0.00015775274738205614,2.3193299880652773e-07,2.6837302824489484e-08,1.6906814359063382e-05,1.2010098598081551e-05,2.6839956595217603e-16,8.910245342860584e-14,0.00015775274738205614,-0.125,True
1.6144295580947547,92.5,0.011547819846894581,0.9011724334991313,0.09787533485404279,1.1028252926623527,-0.12458719335321174,1.2606522427334756,1.26065666388015,3.507031141936068e-06,6.697772790807917e-06,1.561426540430677e-05,100000.0,10000000.0,1e-08,100000000.0,480,22,20,165292,21164,2877,1.1541178274208185e-16,2.3113130472083367e-17,2,42ea7877e84194059c00d9b0c56c2023ddad868c25049e9d1245c92b0ad95cc1,9.511650696203411e-05,1.837227625589577e-07,7.642279808983687e-08,8.660534566384825e-06,1.238586255195193e-05,1.8133271052037415e-16,2.9171799133530444e-15,9.511650696203411e-05,-1.9375,True
1.6144295580947547,92.5,0.01539926526059492,0.8849413830095559,0.11410638534361826,1.120871362826542,-0.147198179341564,1.2793320760477174,1.2793365683134421,3.5114149083970148e-06,6.950947149077725e-06,1.585976882539919e-05,100000.0,10000000.0,1e-08,100000000.0,480,22,20,165292,21164,2877,1.487801462100377e-16,9.244018700045389e-15,2,42ea7877e84194059c00d9b0c56c2023ddad868c25049e9d1245c92b0ad95cc1,9.688740773949878e-05,1.8484098485149758e-07,7.406011448551908e-08,7.984962323237532e-06,1.2396913297441347e-05,1.487801462100377e-16,2.7435172585817953e-14,9.688740773949878e-05,-1.8125,True
1.6144295580947547,92.5,0.023713737056616554,0.8518810599746695,0.1471667083785047,1.1585470864379643,-0.1954111122001475,1.319285110781439,1.319289754283577,3.5197108647633257e-06,7.52801255919987e-06,1.6381312130775427e-05,100000.0,10000000.0,1e-08,100000000.0,480,22,20,165292,21164,2877,1.3300081111542693e-16,1.1905051597973466e-16,2,42ea7877e84194059c00d9b0c56c2023ddad868c25049e9d1245c92b0ad95cc1,0.00010049163604719524,1.8825929981591827e-07,6.888830195173057e-08,6.6085258610959485e-06,1.2416809677380843e-05,1.3300081111542693e-16,2.292825980068126e-15,0.00010049163604719524,-1.625,True
1.6144295580947547,92.5,0.042169650342858224,0.7869477439457777,0.2121000244073964,1.236271536222126,-0.29959548763433874,1.4062065954283585,1.406211566280059,3.5349369833515e-06,8.90835449514876e-06,1.7510629779116105e-05,100000.0,10000000.0,1e-08,100000000.0,480,22,20,165292,21164,2877,2.019794915568639e-16,2.838866448960743e-18,2,42ea7877e84194059c00d9b0c56c2023ddad868c25049e9d1245c92b0ad95cc1,0.00010755388734717819,1.9400139539271777e-07,5.8520433721120924e-08,3.905437612861107e-06,1.2452387747322449e-05,2.019794915568639e-16,1.173894168608146e-13,0.00010755388734717819,-1.375,True
1.6144295580947547,92.5,0.07498942093324558,0.6940560766539543,0.3049916916992199,1.3566137318044755,-0.4757818006659192,1.555127473892573,1.5551330002473793,3.5536346048026246e-06,1.1495788932648994e-05,1.9427394121862562e-05,100000.0,10000000.0,1e-08,100000000.0,480,22,20,165292,21164,2877,1.4613173275839078e-16,2.758504919250536e-16,2,42ea7877e84194059c00d9b0c56c2023ddad868c25049e9d1245c92b0ad95cc1,0.00011761010095834301,2.0243131171326922e-07,4.353394400524735e-08,3.910207602153548e-08,1.2492476949966475e-05,2.0627110034176432e-16,1.4850262497316578e-13,0.00011761010095834301,-1.125,True
1.6144295580947547,92.5,0.1333521432163324,0.5768447020562844,0.42220306629688975,1.525318233961806,-0.7633431177763508,1.803931373388793,1.803937813990992,3.570314422329801e-06,1.6042813263979696e-05,2.2582904599777187e-05,100000.0,10000000.0,1e-08,100000000.0,480,22,20,165292,21164,2877,1.2468237097266368e-16,6.411506843605791e-15,2,42ea7877e84194059c00d9b0c56c2023ddad868c25049e9d1245c92b0ad95cc1,0.00013018647753659796,2.1253157744816065e-07,2.496855056044467e-08,4.8375613973528075e-06,1.2518716029287661e-05,2.582300011455149e-16,6.411506843605791e-15,0.00013018647753659796,-0.875,True
1.6144295580947547,92.5,0.23713737056616552,0.4524346584384217,0.5466131099147525,1.7273926102861932,-1.2069440885270923,2.204201027561496,2.20420890401898,3.5733843626317707e-06,2.336593483552039e-05,2.7541837793743085e-05,100000.0,10000000.0,1e-08,100000000.0,480,22,20,165292,21164,2877,2.0737240924158293e-16,8.874415466959991e-18,2,42ea7877e84194059c00d9b0c56c2023ddad868c25049e9d1245c92b0ad95cc1,0.0001432914140766517,2.232368656596151e-07,4.40161385117932e-09,1.0011489762984382e-05,1.2495156952273348e-05,2.6388716094709245e-16,4.345994679618224e-16,0.0001432914140766517,-0.625,True
1.6144295580947547,92.5,0.4216965034285822,0.34798722332773346,0.6510605450254408,1.917573423949845,-1.836661869778307,2.816910857410242,2.816920863599121,3.5521851367015245e-06,3.401438052064039e-05,3.490655341242821e-05,100000.0,10000000.0,1e-08,100000000.0,480,22,20,165292,21164,2877,8.211305272449231e-17,1.3294513209787313e-14,2,42ea7877e84194059c00d9b0c56c2023ddad868c25049e9d1245c92b0ad95cc1,0.0001538276222079471,2.3088145828520368e-07,1.3627401318494492e-08,1.4352115239590901e-05,1.2391784894648718e-05,1.642005245373558e-16,2.9084507072307076e-14,0.0001538276222079471,-0.375,True
1.6144295580947547,92.5,0.7498942093324559,0.28850373759525416,0.71054403075792,2.03509811350704,-2.638478567587832,3.7083519717590474,3.7083649718720406,3.5056308280712045e-06,4.782460995450964e-05,4.5285562336516705e-05,100000.0,10000000.0,1e-08,100000000.0,480,22,20,165292,21164,2877,1.498866248127452e-16,6.268505156567929e-17,2,42ea7877e84194059c00d9b0c56c2023ddad868c25049e9d1245c92b0ad95cc1,0.00015900073296015726,2.343458160858347e-07,2.4959499578258715e-08,1.6822486086920385e-05,1.2211775657054371e-05,3.227829041566182e-16,5.295640266223883e-13,0.00015900073296015726,-0.125,True
1.7016960206944713,97.5,0.011547819846894581,1.0271245296328726,-0.03571647352395619,0.964913833322245,0.030799716887774286,1.1354931239230657,1.1354978116719883,4.128381602575004e-06,6.411212296340522e-06,1.6595696078761796e-05,100000.0,10000000.0,1e-08,100000000.0,480,23,19,165292,21164,2877,1.5907700723609051e-16,4.2187028533697435e-16,2,42ea7877e84194059c00d9b0c56c2023ddad868c25049e9d1245c92b0ad95cc1,8.902042790914777e-05,1.9276955920410899e-07,1.2321380493673928e-07,1.546161479848429e-05,1.4615408696993767e-05,1.5907700723609051e-16,1.1875655954514618e-14,8.902042790914777e-05,-1.9375,True
1.7016960206944713,97.5,0.01539926526059492,1.0048173131992888,-0.013409257090372459,0.9866802464919956,0.005568066205800892,1.1558447573271424,1.1558495200903913,4.120590778811106e-06,6.506300091190596e-06,1.6853794673465754e-05,100000.0,10000000.0,1e-08,100000000.0,480,23,19,165292,21164,2877,1.4789219673560618e-16,9.26170226444311e-14,2,42ea7877e84194059c00d9b0c56c2023ddad868c25049e9d1245c92b0ad95cc1,9.058592021116141e-05,1.874110371336002e-07,1.2623016876212034e-07,1.4460779504954502e-05,1.458136533182853e-05,1.4789219673560618e-16,9.26170226444311e-14,9.058592021116141e-05,-1.8125,True
1.7016960206944713,97.5,0.023713737056616554,0.9598537104452228,0.0315543456636936,1.0320574619193459,-0.04814796831017447,1.1993130335115898,1.1993179559128226,4.104350653566513e-06,6.715721393770344e-06,1.7403038488336686e-05,100000.0,10000000.0,1e-08,100000000.0,480,23,19,165292,21164,2877,1.175283256661287e-16,4.085046600250283e-15,2,42ea7877e84194059c00d9b0c56c2023ddad868c25049e9d1245c92b0ad95cc1,9.373694235148555e-05,1.7617553393911578e-07,1.3183198355193326e-07,1.2445552260764714e-05,1.4510839123777861e-05,1.2534368412198123e-16,5.767942584241397e-14,9.373694235148555e-05,-1.625,True
1.7016960206944713,97.5,0.042169650342858224,0.8733491810434881,0.11805887506542825,1.1253103621382619,-0.16383610955913155,1.293604817631602,1.2936100842963536,4.071308857156453e-06,7.196586804931743e-06,1.8587789857943404e-05,100000.0,10000000.0,1e-08,100000000.0,480,23,19,165292,21164,2877,8.74285808116932e-17,4.435107177669964e-16,2,42ea7877e84194059c00d9b0c56c2023ddad868c25049e9d1245c92b0ad95cc1,9.977791387838497e-05,1.5547601994736482e-07,1.4322361197027789e-07,8.577575371648827e-06,1.4368986265817163e-05,9.536153377586691e-17,4.435107177669964e-16,9.977791387838497e-05,-1.375,True
1.7016960206944713,97.5,0.07498942093324558,0.7536227470456789,0.23778530906323758,1.2684368416965297,-0.3583096309267308,1.4543129555599117,1.454318801635501,4.0198195079277355e-06,8.07927042022805e-06,2.0582240645217187e-05,100000.0,10000000.0,1e-08,100000000.0,480,23,19,165292,21164,2877,6.92269116849896e-17,1.075124783526333e-17,2,42ea7877e84194059c00d9b0c56c2023ddad868c25049e9d1245c92b0ad95cc1,0.00010807797577827571,1.2601886067997725e-07,1.5810307274488622e-07,3.247398492556286e-06,1.415255263080085e-05,1.3028887923573859e-16,8.615931789125254e-14,0.00010807797577827571,-1.125,True
1.7016960206944713,97.5,0.1333521432163324,0.6090055973708532,0.3824024587380631,1.4658018912180826,-0.672767477927385,1.720657567994641,1.7206643554168413,3.944667623878573e-06,9.651924886656166e-06,2.382414774149133e-05,100000.0,10000000.0,1e-08,100000000.0,480,23,19,165292,21164,2877,6.784201011348415e-17,3.8210428376311416e-14,2,42ea7877e84194059c00d9b0c56c2023ddad868c25049e9d1245c92b0ad95cc1,0.00011794629052142014,9.027723446575209e-08,1.761460767246703e-07,3.1418422123952183e-06,1.3845955281652839e-05,1.187047926719961e-16,3.8210428376311416e-14,0.00011794629052142014,-0.875,True
1.7016960206944713,97.5,0.23713737056616552,0.46300435348230884,0.5284037026266076,1.6962224708656013,-1.1515417901006795,2.1444155042376907,2.1444237426990154,3.841821376804333e-06,1.2278075905990188e-05,2.8825542172983276e-05,100000.0,10000000.0,1e-08,100000000.0,480,23,19,165292,21164,2877,9.94314277677184e-17,4.695342414290497e-16,2,42ea7877e84194059c00d9b0c56c2023ddad868c25049e9d1245c92b0ad95cc1,0.0001275388590992188,5.3074078465442653e-08,1.937796334505748e-07,9.51057345921491e-06,1.3442144078896848e-05,3.072852247262014e-16,1.4502895331803897e-14,0.0001275388590992188,-0.625,True
1.7016960206944713,97.5,0.4216965034285822,0.3460836858454496,0.6453243702634669,1.9066053750678449,-1.821248944894013,2.785140706037758,2.785151044085749,3.7118584237383345e-06,1.629938060047047e-05,3.60734738404922e-05,100000.0,10000000.0,1e-08,100000000.0,480,23,19,165292,21164,2877,7.941934099084694e-17,1.1288863597201885e-16,2,42ea7877e84194059c00d9b0c56c2023ddad868c25049e9d1245c92b0ad95cc1,0.00013440786193641419,2.0833953673360384e-08,2.0727869987080538e-07,1.4509160622844242e-05,1.2952118994308057e-05,1.0918454829760786e-16,5.247440454220573e-13,0.00013440786193641419,-0.375,True
1.7016960206944713,97.5,0.7498942093324559,0.2810342552975845,0.710373800811332,2.034751708348978,-2.667346733968873,3.7099774970126083,3.709990714040534,3.562562828518523e-06,2.199777089573713e-05,4.603863125751673e-05,100000.0,10000000.0,1e-08,100000000.0,480,23,19,165292,21164,2877,1.5736298489861852e-16,3.812292636845091e-14,2,42ea7877e84194059c00d9b0c56c2023ddad868c25049e9d1245c92b0ad95cc1,0.0001365438065413782,1.5131516040156612e-09,2.1424821261550875e-07,1.7206296971106205e-05,1.2409409839975714e-05,1.5736298489861852e-16,3.830911967076562e-14,0.0001365438065413782,-0.125,True
1.7889624832941877,102.5,0.011547819846894581,1.157521975410758,-0.1815114279781613,0.8340087142156468,0.1608001390436384,1.0208108336905513,1.020815805675103,4.870622830166482e-06,6.8588629163252795e-06,1.7636651933133907e-05,100000.0,10000000.0,1e-08,100000000.0,480,24,18,165292,21164,2877,9.835406793866098e-17,3.989601230507138e-16,2,42ea7877e84194059c00d9b0c56c2023ddad868c25049e9d1245c92b0ad95cc1,8.724829421424829e-05,2.520537301098358e-07,1.2972250140741437e-07,2.3339665203181426e-05,1.7277101056394434e-05,1.165492354045696e-16,3.612397270608235e-13,8.724829421424829e-05,-1.9375,True
1.7889624832941877,102.5,0.01539926526059492,1.1270694762035103,-0.15105892877091368,0.8597970303840748,0.13254142582935743,1.0430626598089014,1.043067710526447,4.842199553323212e-06,6.99000669629523e-06,1.7906546989854277e-05,100000.0,10000000.0,1e-08,100000000.0,480,24,18,165292,21164,2877,1.9741542374927883e-16,1.0585872519141268e-15,2,42ea7877e84194059c00d9b0c56c2023ddad868c25049e9d1245c92b0ad95cc1,8.95560507014892e-05,2.5168915351869714e-07,1.2517178249460414e-07,2.184881172273556e-05,1.7167278323561996e-05,1.9741542374927883e-16,4.393481330204971e-13,8.95560507014892e-05,-1.8125,True
1.7889624832941877,102.5,0.023713737056616554,1.0664718601089593,-0.09046131267636263,0.9135096744617544,0.07248838134118103,1.090512304339905,1.0905175216686507,4.784291497639259e-06,7.360957004119479e-06,1.8477639214961594e-05,100000.0,10000000.0,1e-08,100000000.0,480,24,18,165292,21164,2877,6.815297876666766e-17,4.998706682489858e-14,2,42ea7877e84194059c00d9b0c56c2023ddad868c25049e9d1245c92b0ad95cc1,9.41242522733976e-05,2.5210190734981097e-07,1.1496278706779606e-07,1.888911099401369e-05,1.6943998835617217e-05,1.215508447810692e-16,4.998706682489858e-14,9.41242522733976e-05,-1.625,True
1.7889624832941877,102.5,0.042169650342858224,0.9527594369998916,0.023251110432705068,1.0235235247152137,-0.05636222903604637,1.1930896978496437,1.193095273947509,4.673661900822523e-06,8.508413200950722e-06,1.9707859614831458e-05,100000.0,10000000.0,1e-08,100000000.0,480,24,18,165292,21164,2877,6.367349347098917e-17,2.323430865558014e-17,2,42ea7877e84194059c00d9b0c56c2023ddad868c25049e9d1245c92b0ad95cc1,0.00010259540888746255,2.5164465478066944e-07,9.641746590016709e-08,1.3367899757033008e-05,1.6518338604676392e-05,1.0485732546209691e-16,1.544944303099905e-14,0.00010259540888746255,-1.375,True
1.7889624832941877,102.5,0.07498942093324558,0.8013495460852734,0.17466100134732324,1.1908424541912452,-0.27153049103903504,1.366875764379543,1.3668819417675,4.519348515641397e-06,1.1106287343149266e-05,2.177084374360705e-05,100000.0,10000000.0,1e-08,100000000.0,480,24,18,165292,21164,2877,1.2327116405442694e-16,5.4835629761312007e-17,2,42ea7877e84194059c00d9b0c56c2023ddad868c25049e9d1245c92b0ad95cc1,0.00011359768629770617,2.513744095100634e-07,7.167641979943795e-08,6.0970759346856696e-06,1.5927448793043268e-05,1.2327116405442694e-16,7.493448474298216e-14,0.00011359768629770617,-1.125,True
1.7889624832941877,102.5,0.1333521432163324,0.6272127193400379,0.3487978280925589,1.417362610471268,-0.6159569480796908,1.6523014062851993,1.652308552525656,4.325022317175353e-06,1.6066569586770363e-05,2.5098044188376356e-05,100000.0,10000000.0,1e-08,100000000.0,480,24,18,165292,21164,2877,1.5328451744277277e-16,2.498801621530545e-13,2,42ea7877e84194059c00d9b0c56c2023ddad868c25049e9d1245c92b0ad95cc1,0.0001256257579871356,2.5105057666063857e-07,4.227874272899612e-08,2.1074510272445224e-06,1.5189749335627117e-05,1.8552557919603027e-16,2.498801621530545e-13,0.0001256257579871356,-0.875,True
1.7889624832941877,102.5,0.23713737056616552,0.46057282365916563,0.515437723773431,1.6743712535176198,-1.133339732337111,2.101005996815066,2.101014615079687,4.101970500824947e-06,2.4134825326959197e-05,3.0160167173942654e-05,100000.0,10000000.0,1e-08,100000000.0,480,24,18,165292,21164,2877,1.0399290445863252e-16,6.834071984762553e-14,2,42ea7877e84194059c00d9b0c56c2023ddad868c25049e9d1245c92b0ad95cc1,0.0001358993234500394,2.5035996553679496e-07,1.3244175756099708e-08,9.717872077374956e-06,1.4355107610193746e-05,1.126412280774749e-16,1.0850593089136881e-13,0.0001358993234500394,-0.625,True
1.7889624832941877,102.5,0.4216965034285822,0.3333500989488809,0.6426604484837157,1.9015330865733233,-1.8474074830935736,2.7711809154711227,2.7711916154725604,3.861170296826089e-06,3.558490633288317e-05,3.73328881055901e-05,100000.0,10000000.0,1e-08,100000000.0,480,24,18,165292,21164,2877,1.200287944011798e-16,1.8708193105305153e-15,2,42ea7877e84194059c00d9b0c56c2023ddad868c25049e9d1245c92b0ad95cc1,0.0001415882222490783,2.472274622800086e-07,1.1045064085557499e-08,1.5262060706788816e-05,1.3471833577218185e-05,2.3041921524304997e-16,1.519708491313175e-13,0.0001415882222490783,-0.375,True
1.7889624832941877,102.5,0.7498942093324559,0.2640472458237506,0.711963301608846,2.0379885195876777,-2.747106981885729,3.7327219258260147,3.7327354019598085,3.610269948106648e-06,5.005400452250718e-05,4.692448824483719e-05,100000.0,10000000.0,1e-08,100000000.0,480,24,18,165292,21164,2877,1.5335511113596661e-16,1.560283639340551e-15,2,42ea7877e84194059c00d9b0c56c2023ddad868c25049e9d1245c92b0ad95cc1,0.00014120810668816208,2.401686760578059e-07,2.64035281416497e-08,1.8092693540694427e-05,1.2571118121651471e-05,4.2713730969557223e-16,8.209715995663522e-15,0.00014120810668816208,-0.125,True
1.8762289458939043,107.5,0.011547819846894581,1.2924755458694843,-0.33986389475559786,0.7118672050292902,0.2677962777278227,0.9156193791576865,0.9156246940049475,5.804646976637073e-06,7.796259179923452e-06,1.8884744317437807e-05,100000.0,10000000.0,1e-08,100000000.0,480,25,17,165292,21164,2877,6.83724733280836e-17,8.04266994727707e-14,2,42ea7877e84194059c00d9b0c56c2023ddad868c25049e9d1245c92b0ad95cc1,8.75973767595628e-05,2.6868958880044147e-07,1.9443749654790565e-07,3.2935871074224465e-05,2.0625103342406982e-05,1.3672312663623336e-16,8.04266994727707e-14,8.75973767595628e-05,-1.9375,True
1.8762289458939043,107.5,0.01539926526059492,1.2510840510401757,-0.29847239992628916,0.7419507594631631,0.23603007093821218,0.9400440607852282,0.9400494541140451,5.737314921594461e-06,7.914034398792992e-06,1.9151787204324533e-05,100000.0,10000000.0,1e-08,100000000.0,480,25,17,165292,21164,2877,6.179348755995872e-17,7.615894373220767e-14,2,42ea7877e84194059c00d9b0c56c2023ddad868c25049e9d1245c92b0ad95cc1,9.0943519064135e-05,2.5677549908564856e-07,1.9743744239519856e-07,3.0677384987409795e-05,2.037328674607747e-05,1.0297271555182434e-16,3.1438914609399837e-13,9.0943519064135e-05,-1.8125,True
1.8762289458939043,107.5,0.023713737056616554,1.1700152389377185,-0.217403587823832,0.8046051749162914,0.16865981245671274,0.9920276177037152,0.992033178315253,5.605299125299723e-06,8.176781380670746e-06,1.972125219679155e-05,100000.0,10000000.0,1e-08,100000000.0,480,25,17,165292,21164,2877,8.312946178496695e-17,2.0812544331292864e-14,2,42ea7877e84194059c00d9b0c56c2023ddad868c25049e9d1245c92b0ad95cc1,9.743314839005812e-05,2.3331356291400596e-07,2.027621117672851e-07,2.627643469277352e-05,1.9879741092733988e-05,1.24674308247582e-16,5.20504241315781e-13,9.743314839005812e-05,-1.625,True
1.8762289458939043,107.5,0.042169650342858224,1.0223919865287436,-0.06978033541485722,0.9325986563044152,0.02471984252040346,1.10395933333881,1.103965254862549,5.363896621979336e-06,8.790615453695737e-06,2.0951083385511993e-05,100000.0,10000000.0,1e-08,100000000.0,480,25,17,165292,21164,2877,8.827378997534954e-17,4.697922858637325e-15,2,42ea7877e84194059c00d9b0c56c2023ddad868c25049e9d1245c92b0ad95cc1,0.00010898547145954396,1.8990073780145167e-07,2.1371308300821568e-07,1.8350557992707905e-05,1.8978129676341995e-05,1.4121556266870813e-16,1.07327390833106e-13,0.00010898547145954396,-1.375,True
1.8762289458939043,107.5,0.07498942093324558,0.8344906450580772,0.11812100605580919,1.1253802809575877,-0.21388603638263173,1.2922897104981428,1.2922962373739026,5.0506289006602145e-06,9.932174920754246e-06,2.301674594729075e-05,100000.0,10000000.0,1e-08,100000000.0,480,25,17,165292,21164,2877,8.752921244032397e-17,1.1845945667345696e-15,2,42ea7877e84194059c00d9b0c56c2023ddad868c25049e9d1245c92b0ad95cc1,0.00012300897663120036,1.3624577910320568e-07,2.2639606167551563e-07,8.470561853601843e-06,1.781082504976258e-05,1.312729359598163e-16,6.471341215461228e-14,0.00012300897663120036,-1.125,True
1.8762289458939043,107.5,0.1333521432163324,0.6298323137706296,0.32277933734325676,1.3809605908494502,-0.5917042765937993,1.598476308456477,1.5984838101504932,4.693027964464136e-06,1.1964694694178941e-05,2.635017664187611e-05,100000.0,10000000.0,1e-08,100000000.0,480,25,17,165292,21164,2877,7.686530111991616e-17,1.269540209415908e-13,2,42ea7877e84194059c00d9b0c56c2023ddad868c25049e9d1245c92b0ad95cc1,0.00013685722127976252,7.788225975247087e-08,2.3975083562888244e-07,1.9116811430519576e-06,1.648455876541605e-05,1.767621514727146e-16,2.1261082967152144e-12,0.00013685722127976252,-0.875,True
1.8762289458939043,107.5,0.23713737056616552,0.444678546516835,0.5079331045970514,1.6618527668901493,-1.151554066710467,2.0736711313555927,2.073680100274201,4.325140314120901e-06,1.5299145614494235e-05,3.1379652924767854e-05,100000.0,10000000.0,1e-08,100000000.0,480,25,17,165292,21164,2877,8.326107485169249e-17,2.4408475517986407e-14,2,42ea7877e84194059c00d9b0c56c2023ddad868c25049e9d1245c92b0ad95cc1,0.00014683598995701708,2.5275742832064907e-08,2.503251672614226e-07,1.0779355685608394e-05,1.5132415381726642e-05,2.0811982137564787e-16,2.6349716229314608e-14,0.00014683598995701708,-0.625,True
1.8762289458939043,107.5,0.4216965034285822,0.3097685448636349,0.6428431062502515,1.9018804480830838,-1.9153979786567732,2.7750082445581374,2.77501924529953,3.96421935477953e-06,2.0297900112366755e-05,3.836261976930544e-05,100000.0,10000000.0,1e-08,100000000.0,480,25,17,165292,21164,2877,1.303292164300614e-16,2.9428654639354865e-13,2,42ea7877e84194059c00d9b0c56c2023ddad868c25049e9d1245c92b0ad95cc1,0.00015020427567324912,1.565938090308805e-08,2.5576733186927214e-07,1.672627920379366e-05,1.382432641219554e-05,2.2338648415648495e-16,2.9428654639354865e-13,0.00015020427567324912,-0.375,True
1.8762289458939043,107.5,0.7498942093324559,0.23739922463299112,0.7152124264808953,2.0446209677670004,-2.880779985659732,3.7775728516317453,3.7775864840161515,3.6087681010155137e-06,2.7398963717514395e-05,4.74305991313706e-05,100000.0,10000000.0,1e-08,100000000.0,480,25,17,165292,21164,2877,4.4907629203367865e-16,5.191902281593751e-18,2,42ea7877e84194059c00d9b0c56c2023ddad868c25049e9d1245c92b0ad95cc1,0.0001465867088946693,4.37577434286851e-08,2.5457647245819004e-07,1.959950965157997e-05,1.2555839687084437e-05,4.4907629203367865e-16,2.069556755084344e-13,0.0001465867088946693,-0.125,True
1.9634954084936207,112.5,0.011547819846894581,1.4313877151518004,-0.5105613070619879,0.6001586109832444,0.3534099097082601,0.8192396243455825,0.8192454000760162,7.050111178852347e-06,8.223419533483609e-06,2.0552591769640305e-05,100000.0,10000000.0,1e-08,100000000.0,480,26,16,165292,21164,2877,1.0241583196440318e-16,2.0205020741936936e-16,2,42ea7877e84194059c00d9b0c56c2023ddad868c25049e9d1245c92b0ad95cc1,9.137870832010009e-05,3.742641230264354e-07,1.9496894410053756e-07,4.525101072672122e-05,2.5087399533510038e-05,1.0241583196440318e-16,3.0984175723160877e-15,9.137870832010009e-05,-1.9375,True
1.9634954084936207,112.5,0.01539926526059492,1.3752980944497444,-0.45447168635993196,0.6347832440212716,0.31756420352782805,0.8461652436403524,0.846171090923208,6.9103321125307815e-06,8.20911248425668e-06,2.079229265533611e-05,100000.0,10000000.0,1e-08,100000000.0,480,26,16,165292,21164,2877,1.1578380852075087e-16,6.838646131496376e-17,2,42ea7877e84194059c00d9b0c56c2023ddad868c25049e9d1245c92b0ad95cc1,9.641301418050752e-05,3.66796059081409e-07,1.854825806280047e-07,4.1748309970834896e-05,2.457237851779871e-05,1.4149088835740665e-16,3.839341220512207e-15,9.641301418050752e-05,-1.8125,True
1.9634954084936207,112.5,0.023713737056616554,1.2675805321884885,-0.3467541240986759,0.7069791360215901,0.24171675952359079,0.903342098719354,0.903348099796736,6.64319463306029e-06,8.317024731815303e-06,2.1308237034167732e-05,100000.0,10000000.0,1e-08,100000000.0,480,26,16,165292,21164,2877,8.124703154974373e-17,7.84260641991799e-17,2,42ea7877e84194059c00d9b0c56c2023ddad868c25049e9d1245c92b0ad95cc1,0.00010594645025507887,3.5367994422053073e-07,1.6678038772255377e-07,3.5078714512915e-05,2.358822539586708e-05,1.559693387526197e-16,2.202018438309546e-12,0.00010594645025507887,-1.625,True
1.9634954084936207,112.5,0.042169650342858224,1.0784057455616827,-0.15757933747187025,0.854209040134334,0.08043499657802633,1.025881407055139,1.0258877458606501,6.178887215879669e-06,9.121749149841455e-06,2.244484435098837e-05,100000.0,10000000.0,1e-08,100000000.0,480,26,16,165292,21164,2877,1.0634508615377551e-16,7.43311016219712e-17,2,42ea7877e84194059c00d9b0c56c2023ddad868c25049e9d1245c92b0ad95cc1,0.00012214586213454837,3.315822907357102e-07,1.341034943092012e-07,2.358369618349343e-05,2.1878595514678243e-05,1.0634508615377551e-16,7.542122294839395e-16,0.00012214586213454837,-1.375,True
1.9634954084936207,112.5,0.07498942093324558,0.8498454339119512,0.07098097417786135,1.07356080029721,-0.1847536569536989,1.2304231683861122,1.2304300899745821,5.625372349715718e-06,1.1669471719679912e-05,2.4414907200093205e-05,100000.0,10000000.0,1e-08,100000000.0,480,26,16,165292,21164,2877,1.0693391904338913e-16,1.0645573010147389e-16,2,42ea7877e84194059c00d9b0c56c2023ddad868c25049e9d1245c92b0ad95cc1,0.00014038181675857242,3.065348850306293e-07,9.468290418368497e-08,1.0186055775740499e-05,1.984269138244291e-05,1.0693391904338913e-16,8.059802715047057e-13,0.00014038181675857242,-1.125,True
1.9634954084936207,112.5,0.1333521432163324,0.615300937869905,0.30552547021990756,1.3573380563726332,-0.5998223827330558,1.5591989733788634,1.55920685576626,5.0554082777765075e-06,1.7086780043271077e-05,2.767965485928059e-05,100000.0,10000000.0,1e-08,100000000.0,480,26,16,165292,21164,2877,1.5742858674445203e-16,4.0841429403262726e-17,2,42ea7877e84194059c00d9b0c56c2023ddad868c25049e9d1245c92b0ad95cc1,0.00015646953801407015,2.837068338035209e-07,5.3783116849004386e-08,2.745337182696872e-06,1.7752484020238527e-05,1.5742858674445203e-16,2.625089517521243e-13,0.00015646953801407015,-0.875,True
1.9634954084936207,112.5,0.23713737056616552,0.41498710825660423,0.5058392998332083,1.6583768119054692,-1.20661244315315,2.0625399203722274,2.062549264114317,4.5302115110334995e-06,2.5950832748761692e-05,3.26698728128072e-05,100000.0,10000000.0,1e-08,100000000.0,480,26,16,165292,21164,2877,1.6006975531058913e-16,1.3712732679066269e-14,2,42ea7877e84194059c00d9b0c56c2023ddad868c25049e9d1245c92b0ad95cc1,0.00016585651618528097,2.6587911639008865e-07,1.745379374362699e-08,1.2769449350802375e-05,1.5839631752151133e-05,1.7604885351664233e-16,8.474260666421377e-14,0.00016585651618528097,-0.625,True
1.9634954084936207,112.5,0.4216965034285822,0.27527028258944375,0.6455561255003688,1.907047292054532,-2.0272014827304288,2.7971827759093086,2.797194113113766,4.053079603938414e-06,3.821295586908477e-05,3.950190526369468e-05,100000.0,10000000.0,1e-08,100000000.0,480,26,16,165292,21164,2877,1.8963447218189896e-16,5.930491859573275e-17,2,42ea7877e84194059c00d9b0c56c2023ddad868c25049e9d1245c92b0ad95cc1,0.00016632085986023615,2.5074732035168523e-07,1.0198627498070323e-08,1.8887168330761206e-05,1.4122032211804031e-05,1.8963447218189896e-16,1.956707052180917e-15,0.00016632085986023615,-0.375,True
1.9634954084936207,112.5,0.7498942093324559,0.20079597103070013,0.7200304370591124,2.0544957425006007,-3.074097053653798,3.8464483939330645,3.8464622218772324,3.594990170663337e-06,5.353067974948017e-05,4.805484301595442e-05,100000.0,10000000.0,1e-08,100000000.0,480,26,16,165292,21164,2877,1.2521059411976544e-16,2.0740597135536347e-18,2,42ea7877e84194059c00d9b0c56c2023ddad868c25049e9d1245c92b0ad95cc1,0.00015898756797727565,2.33910042779506e-07,2.9060162942684542e-08,2.1695928506870743e-05,1.2493302416782838e-05,1.2521059411976544e-16,2.3665558541430646e-14,0.00015898756797727565,-0.125,True
2.050761871093337,117.5,0.011547819846894581,1.5724395289949942,-0.6923376124634164,0.500404947942615,0.4186081880430629,0.7312705828998115,0.7312770263174978,8.811263350283483e-06,1.0134923582347338e-05,2.295798757145917e-05,100000.0,10000000.0,1e-08,100000000.0,480,27,15,165292,21164,2877,8.391728501060353e-17,4.4847406252368635e-13,2,42ea7877e84194059c00d9b0c56c2023ddad868c25049e9d1245c92b0ad95cc1,9.944113702631263e-05,4.196355458674361e-07,2.903537836829173e-07,6.181352396206208e-05,3.139465487647621e-05,8.391728501060353e-17,6.114072379741523e-13,9.944113702631263e-05,-1.9375,True
2.050761871093337,117.5,0.01539926526059492,1.4966481304476036,-0.6165462139160257,0.5398055947764888,0.37799661144514335,0.7610954079389655,0.7611018983472915,8.527719729034544e-06,1.0220655774648588e-05,2.3106457745447617e-05,100000.0,10000000.0,1e-08,100000000.0,480,27,15,165292,21164,2877,7.83726188250544e-17,4.0298266096926707e-17,2,42ea7877e84194059c00d9b0c56c2023ddad868c25049e9d1245c92b0ad95cc1,0.00010692869109529823,3.8849324823786446e-07,2.9162883108391213e-07,5.621681481504659e-05,3.035947596638317e-05,8.438773739104427e-17,8.974832305592609e-14,0.00010692869109529823,-1.8125,True
2.050761871093337,117.5,0.023713737056616554,1.3546081569256874,-0.47450624039410955,0.6221921940052249,0.29228872608409623,0.8242583267630503,0.824264923703693,8.003486805518989e-06,1.0436997666019993e-05,2.344659343073152e-05,100000.0,10000000.0,1e-08,100000000.0,480,27,15,165292,21164,2877,2.0138545907506846e-16,1.428419519950698e-16,2,42ea7877e84194059c00d9b0c56c2023ddad868c25049e9d1245c92b0ad95cc1,0.00012068261479036835,3.314968808343366e-07,2.919920958355249e-07,4.586891238522739e-05,2.844568586017053e-05,2.0138545907506846e-16,1.4835002493631392e-13,0.00012068261479036835,-1.625,True
2.050761871093337,117.5,0.042169650342858224,1.1157721710882138,-0.23567025455663604,0.7900411434532476,0.11101183152670296,0.95888183216428,0.9588886868821459,7.148657567457306e-06,1.1037707356521238e-05,2.4283882999048823e-05,100000.0,10000000.0,1e-08,100000000.0,480,27,15,165292,21164,2877,1.1900313131318264e-16,5.826172147771237e-16,2,42ea7877e84194059c00d9b0c56c2023ddad868c25049e9d1245c92b0ad95cc1,0.00014273969333844505,2.3840748308856519e-07,2.9451497440824426e-07,2.8981864239829846e-05,2.532520920146957e-05,1.1900313131318264e-16,6.494726224871755e-14,0.00014273969333844505,-1.375,True
2.050761871093337,117.5,0.07498942093324558,0.8439313708190204,0.036170545712557386,1.0368326587778005,-0.1843999795105448,1.181531358853109,1.1815387093836383,6.221189538635485e-06,1.2339932237305351e-05,2.592457064806708e-05,100000.0,10000000.0,1e-08,100000000.0,480,27,15,165292,21164,2877,1.111494220304621e-16,8.412073715846803e-14,2,42ea7877e84194059c00d9b0c56c2023ddad868c25049e9d1245c92b0ad95cc1,0.00016535425587616004,1.377027258886443e-07,2.981100075682974e-07,1.0835880864590308e-05,2.1941500285893037e-05,1.111494220304621e-16,8.412073715846803e-14,0.00016535425587616004,-1.125,True
2.050761871093337,117.5,0.1333521432163324,0.5822826456397898,0.297819270891788,1.3469183385308678,-0.641148056483138,1.5348848923577563,1.534893139248351,5.372970074635219e-06,1.486429319091982e-05,2.8937707232112864e-05,100000.0,10000000.0,1e-08,100000000.0,480,27,15,165292,21164,2877,1.2241432227795554e-16,3.4625144227702353e-15,2,42ea7877e84194059c00d9b0c56c2023ddad868c25049e9d1245c92b0ad95cc1,0.0001825515133055955,4.6753422244805165e-08,3.0255445315763296e-07,4.991543452348424e-06,1.8853340322909353e-05,1.2241432227795554e-16,5.2744239993454624e-14,0.0001825515133055955,-0.875,True
2.050761871093337,117.5,0.23713737056616552,0.37129794342152767,0.5088039731100501,1.6633006525055622,-1.300278581986508,2.0681952100855137,2.068204882382178,4.676684588256208e-06,1.9096778237366025e-05,3.377994286646313e-05,100000.0,10000000.0,1e-08,100000000.0,480,27,15,165292,21164,2877,1.7755568383643786e-16,5.245668310492645e-16,2,42ea7877e84194059c00d9b0c56c2023ddad868c25049e9d1245c92b0ad95cc1,0.00018945086320065752,2.0867492733778192e-08,3.0456754396279706e-07,1.5930919085915818e-05,1.6333053428291438e-05,1.7755568383643786e-16,6.50224719269669e-14,0.00018945086320065752,-0.625,True
2.050761871093337,117.5,0.4216965034285822,0.22968476156533024,0.6504171549662475,1.916340073076494,-2.186887755124102,2.838951699265354,2.838963298689716,4.0858125078813146e-06,2.5430041998952434e-05,4.0360584642851194e-05,100000.0,10000000.0,1e-08,100000000.0,480,27,15,165292,21164,2877,1.1863852118419918e-16,1.3201836265968312e-17,2,42ea7877e84194059c00d9b0c56c2023ddad868c25049e9d1245c92b0ad95cc1,0.00018525194173735215,6.629739690566794e-08,3.0144032847623237e-07,2.191802423612277e-05,1.4216721141573298e-05,1.9330642307331917e-16,3.1569374591620534e-14,0.00018525194173735215,-0.375,True
2.050761871093337,117.5,0.7498942093324559,0.15375503759620246,0.7263468789353753,2.0675139164299954,-3.3362632534381937,3.9424320399632102,3.9424459453291285,3.527103518141672e-06,3.463218356148076e-05,4.8238329205307906e-05,100000.0,10000000.0,1e-08,100000000.0,480,27,15,165292,21164,2877,2.1323329795907387e-16,9.033941653996384e-19,2,42ea7877e84194059c00d9b0c56c2023ddad868c25049e9d1245c92b0ad95cc1,0.00017320407060184007,9.885625207317617e-08,2.928325244511143e-07,2.455052942940128e-05,1.2235678057688992e-05,3.1473857143970165e-16,1.5069812156279183e-13,0.00017320407060184007,-0.125,True
2.138028333693054,122.5,0.011547819846894581,1.711754084702267,-0.88207816492648,0.41392181943817574,0.4637647959553498,0.6515800975688768,0.6515875425912481,1.1426104632450418e-05,1.0914373982729226e-05,2.6554213793439363e-05,100000.0,10000000.0,1e-08,100000000.0,480,28,14,165292,21164,2877,1.2886814662000288e-16,3.317057701061502e-16,2,42ea7877e84194059c00d9b0c56c2023ddad868c25049e9d1245c92b0ad95cc1,0.00013007447436486075,5.771887821026667e-07,2.883670897624313e-07,8.483378205004222e-05,4.07535679688749e-05,1.2886814662000288e-16,4.149977606630243e-14,0.00013007447436486075,-1.9375,True
2.138028333693054,122.5,0.01539926526059492,1.609755076552395,-0.7800791567766077,0.45836972679909227,0.4175557137538803,0.6847925172099829,0.6847999495856867,1.0853470966631917e-05,1.0689240696360533e-05,2.6484922199476735e-05,100000.0,10000000.0,1e-08,100000000.0,480,28,14,165292,21164,2877,1.410265572010059e-16,5.930788037929535e-16,2,42ea7877e84194059c00d9b0c56c2023ddad868c25049e9d1245c92b0ad95cc1,0.00014097335209917183,5.507869500487317e-07,2.672501224765256e-07,7.561919343213042e-05,3.867583470009715e-05,1.410265572010059e-16,6.374520178567746e-13,0.00014097335209917183,-1.8125,True
2.138028333693054,122.5,0.023713737056616554,1.4243211943272045,-0.5946452745514174,0.5517582538521307,0.3203212223541165,0.7549027167073558,0.7549101430735439,9.837514190591534e-06,1.0404077666283456e-05,2.6413683909765062e-05,100000.0,10000000.0,1e-08,100000000.0,480,28,14,165292,21164,2877,5.722406640436959e-17,1.2137424283193966e-14,2,42ea7877e84194059c00d9b0c56c2023ddad868c25049e9d1245c92b0ad95cc1,0.0001602735372345787,5.025426343951978e-07,2.268895999968379e-07,5.9203005414509846e-05,3.498952027219229e-05,9.154377412058978e-17,2.2317344550768152e-13,0.0001602735372345787,-1.625,True
2.138028333693054,122.5,0.042169650342858224,1.128286272524584,-0.2986103527487969,0.7418484123214343,0.11588859609541675,0.903359290240572,0.9033667890525717,8.301029369661705e-06,1.0657032065885246e-05,2.6571207863188007e-05,100000.0,10000000.0,1e-08,100000000.0,480,28,14,165292,21164,2877,1.3566947066218056e-16,5.949512180615406e-14,2,42ea7877e84194059c00d9b0c56c2023ddad868c25049e9d1245c92b0ad95cc1,0.00018921159506923857,4.2725235482876656e-07,1.6664251356601767e-07,3.415041167498245e-05,2.941377605815276e-05,1.3566947066218056e-16,5.949512180615406e-14,0.00018921159506923857,-1.375,True
2.138028333693054,122.5,0.07498942093324558,0.8132878590506079,0.016388060725179204,1.0165230815605084,-0.21402363450030046,1.1462759379868663,1.146283747489296,6.812934103317403e-06,1.3044357905230173e-05,2.7526933380289664e-05,100000.0,10000000.0,1e-08,100000000.0,480,28,14,165292,21164,2877,1.2396481464489864e-16,8.068960035568566e-15,2,42ea7877e84194059c00d9b0c56c2023ddad868c25049e9d1245c92b0ad95cc1,0.0002158650169697962,3.5169911316579316e-07,1.061781378375315e-07,9.742634714537957e-06,2.4014229443421376e-05,1.2396481464489864e-16,1.1655990493898887e-14,0.0002158650169697962,-1.125,True
2.138028333693054,122.5,0.1333521432163324,0.5298164107124828,0.2998595090633043,1.3496691779686523,-0.7176773919968172,1.526376947958423,1.526385538009669,5.627739109614893e-06,1.8990544847241193e-05,3.0100169166491497e-05,100000.0,10000000.0,1e-08,100000000.0,480,28,14,165292,21164,2877,1.8065740690923186e-16,2.896149712997393e-15,2,42ea7877e84194059c00d9b0c56c2023ddad868c25049e9d1245c92b0ad95cc1,0.00023272315800049181,2.9410022350795373e-07,5.501627819981536e-08,9.113684790174048e-06,1.972001032035462e-05,1.8065740690923186e-16,2.896149712997393e-15,0.00023272315800049181,-0.875,True
2.138028333693054,122.5,0.23713737056616552,0.31350017494680893,0.5161757448289781,1.6756074308638642,-1.4359875415885652,2.0917522323873903,2.091762222557732,4.77598168036053e-06,2.8726260878836074e-05,3.482952219302504e-05,100000.0,10000000.0,1e-08,100000000.0,480,28,14,165292,21164,2877,1.9395106684882415e-16,5.040675596946714e-16,2,42ea7877e84194059c00d9b0c56c2023ddad868c25049e9d1245c92b0ad95cc1,0.00023540271767419352,2.590382272016356e-07,1.7447710720652765e-08,2.043943031737605e-05,1.6650883242167208e-05,1.9395106684882415e-16,1.7440744425703642e-14,0.00023540271767419352,-0.625,True
2.138028333693054,122.5,0.4216965034285822,0.17265589154221028,0.6570200282335767,1.929035290046763,-2.4013242464493088,2.902449200883893,2.902461077316315,4.091865731359334e-06,4.185843521824993e-05,4.124719803311194e-05,100000.0,10000000.0,1e-08,100000000.0,480,28,14,165292,21164,2877,1.370327658470542e-16,1.993070679484184e-14,2,42ea7877e84194059c00d9b0c56c2023ddad868c25049e9d1245c92b0ad95cc1,0.00022505831931129983,2.358539198388243e-07,1.0694538699063116e-08,2.58697321048329e-05,1.4211169663383183e-05,2.226431275364157e-16,1.4015271993989693e-13,0.00022505831931129983,-0.375,True
2.138028333693054,122.5,0.7498942093324559,0.09554611821885939,0.7341298015569278,2.0836679987038553,-3.6812785221168633,4.07016719842843,4.0701811844740625,3.4362336853721587e-06,5.841568985857201e-05,4.840073307033066e-05,100000.0,10000000.0,1e-08,100000000.0,480,28,14,165292,21164,2877,2.413858924039662e-16,3.1603517816640187e-18,2,42ea7877e84194059c00d9b0c56c2023ddad868c25049e9d1245c92b0ad95cc1,0.00020691192243127432,2.1085966273037826e-07,3.180608565411802e-08,2.8208788363404125e-05,1.1891583492938354e-05,2.413858924039662e-16,2.2705171527600363e-14,0.00020691192243127432,-0.125,True
2.2252947962927703,127.5,0.011547819846894581,1.8421095063903643,-1.0735960888385825,0.3417772435297109,0.48868936757113857,0.580315699873603,0.5803250543769878,1.61196800065877e-05,1.3565465494281577e-05,3.337172537248856e-05,100000.0,10000000.0,1e-08,100000000.0,480,29,12,161448,20683,2877,4.913548702425172e-17,1.0925472561567669e-16,2,42ea7877e84194059c00d9b0c56c2023ddad868c25049e9d1245c92b0ad95cc1,0.00014938609897896526,4.612989774610554e-07,3.552383469607179e-07,0.00011878366506246074,5.750615635550988e-05,4.913548702425172e-17,8.153722883445632e-13,0.00014938609897896526,-1.9375,True
2.2252947962927703,127.5,0.01539926526059492,1.7058276616508175,-0.9373142440990357,0.3916783764894493,0.43586393966796894,0.6175217597005949,0.6175310992819739,1.5124295188462256e-05,1.3322349135493327e-05,3.328286080939158e-05,100000.0,10000000.0,1e-08,100000000.0,480,29,12,161448,20683,2877,1.0671020835596793e-16,1.0037789098982068e-16,2,42ea7877e84194059c00d9b0c56c2023ddad868c25049e9d1245c92b0ad95cc1,0.00016429147420993218,4.823420520772004e-07,3.1916478882010324e-07,0.00010361427558613912,5.389747047218022e-05,1.0671020835596793e-16,6.439194016157932e-12,0.00016429147420993218,-1.8125,True
2.2252947962927703,127.5,0.023713737056616554,1.467220095299575,-0.6987066777477933,0.4972279641087858,0.3250712932154125,0.6957562324175747,0.6957655876285682,1.3446104479841736e-05,1.3157625850546216e-05,3.326560407684864e-05,100000.0,10000000.0,1e-08,100000000.0,480,29,12,161448,20683,2877,8.144017136755148e-17,1.119803095339825e-16,2,42ea7877e84194059c00d9b0c56c2023ddad868c25049e9d1245c92b0ad95cc1,0.00018948553831754644,5.053701750412642e-07,2.582585323374076e-07,7.780758960107548e-05,4.7812153922443776e-05,9.305931078125157e-17,1.856259217231431e-11,0.00018948553831754644,-1.625,True
2.2252947962927703,127.5,0.042169650342858224,1.108892658981464,-0.34037924142968223,0.7115004411461795,0.09366184042460922,0.8601299784639527,0.8601395430955912,1.1119984046459308e-05,1.422984885404238e-05,3.386817386197283e-05,100000.0,10000000.0,1e-08,100000000.0,480,29,12,161448,20683,2877,1.1666714074804374e-16,1.5810452684929548e-15,2,42ea7877e84194059c00d9b0c56c2023ddad868c25049e9d1245c92b0ad95cc1,0.00022418201953988692,5.020507261033202e-07,1.7298021925959972e-07,4.1469459332033054e-05,3.937564636737308e-05,1.1666714074804374e-16,1.0202934199060009e-13,0.00022418201953988692,-1.375,True
2.2252947962927703,127.5,0.07498942093324558,0.7549386995583687,0.013574717993413143,1.013667272805349,-0.2758845989191409,1.1257779111673776,1.1257881834775527,9.12463290791976e-06,1.8659456176758466e-05,3.6181818815705924e-05,100000.0,10000000.0,1e-08,100000000.0,480,29,12,161448,20683,2877,7.682800641967078e-17,1.9195246065933246e-13,2,42ea7877e84194059c00d9b0c56c2023ddad868c25049e9d1245c92b0ad95cc1,0.0002519624655568098,4.647357403353425e-07,9.784883081564999e-08,9.89654025462805e-06,3.21393930870318e-05,7.682800641967078e-17,1.6527863962323593e-12,0.0002519624655568098,-1.125,True
2.2252947962927703,127.5,0.1333521432163324,0.4574376954868191,0.3110757220649627,1.3648925697570626,-0.8328438027272574,1.5350196572807144,1.535031493750863,7.71095672447153e-06,2.7796716691453108e-05,4.1484078044606854e-05,100000.0,10000000.0,1e-08,100000000.0,480,29,12,161448,20683,2877,1.4940012564705376e-16,3.9645434058317124e-17,2,42ea7877e84194059c00d9b0c56c2023ddad868c25049e9d1245c92b0ad95cc1,0.0002649170731782169,4.2138888678433517e-07,4.18473241614592e-08,1.1312101142246789e-05,2.7025111924687562e-05,1.4940012564705376e-16,4.223810600579171e-13,0.0002649170731782169,-0.875,True
2.2252947962927703,127.5,0.23713737056616552,0.24149106476327842,0.5270223527885034,1.6938810117894572,-1.619432096242192,2.1350204605523686,2.1350347948031367,6.7138704442637476e-06,4.1683835441657674e-05,5.006492078862834e-05,100000.0,10000000.0,1e-08,100000000.0,480,29,12,161448,20683,2877,1.2687740713355355e-16,1.0869572201068167e-16,2,42ea7877e84194059c00d9b0c56c2023ddad868c25049e9d1245c92b0ad95cc1,0.0002606152740919354,3.9175328758744854e-07,2.843064672575224e-09,2.2199005546563733e-05,2.3449386885817306e-05,1.2687740713355355e-16,3.843476694655864e-14,0.0002606152740919354,-0.625,True
2.2252947962927703,127.5,0.4216965034285822,0.10354843826467675,0.6649649792871051,1.9444224250849529,-2.6813270758992043,2.991045127646132,2.991062507664195,5.810683998852539e-06,6.008516782581559e-05,6.055577780328392e-05,100000.0,10000000.0,1e-08,100000000.0,480,29,12,161448,20683,2877,1.3552195660115053e-16,1.5145160039753752e-13,2,42ea7877e84194059c00d9b0c56c2023ddad868c25049e9d1245c92b0ad95cc1,0.000243009625286561,3.6611599119051874e-07,2.923067077276187e-08,2.6899664310464644e-05,2.0245691796345314e-05,1.3552195660115053e-16,1.5145160039753752e-13,0.000243009625286561,-0.375,True
2.2252947962927703,127.5,0.7498942093324559,0.025131136243256136,0.7433822813085257,2.1030365601062764,-4.130038167972938,4.2365063871847015,4.236527069043427,4.881819318791614e-06,8.396797831298114e-05,7.187746880621404e-05,100000.0,10000000.0,1e-08,100000000.0,480,29,12,161448,20683,2877,1.4509043681981723e-16,4.2981789917143127e-16,2,42ea7877e84194059c00d9b0c56c2023ddad868c25049e9d1245c92b0ad95cc1,0.00021935272631967706,3.3224853102087337e-07,5.722095641758074e-08,2.9249724496360763e-05,1.696621277938849e-05,1.4509043681981723e-16,4.114988282026526e-14,0.00021935272631967706,-0.125,True
2.3125612588924866,132.5,0.011547819846894581,1.9510632442500806,-1.2558543967937734,0.2848323843559333,0.4925943925065612,0.5179407315808687,0.5179522860289282,2.230843676676031e-05,1.7813257141605023e-05,4.123212633827533e-05,100000.0,10000000.0,1e-08,100000000.0,480,31,11,165292,21164,2877,3.7807619829305835e-17,8.954110075009217e-15,2,42ea7877e84194059c00d9b0c56c2023ddad868c25049e9d1245c92b0ad95cc1,0.00014230667614389958,1.7126102180853309e-06,5.891718419803738e-07,0.0001635149750971454,7.960780804480435e-05,5.842041100415523e-17,1.4431965852385965e-11,0.0001635149750971454,-1.9375,True
2.3125612588924866,132.5,0.01539926526059492,1.7713423796833747,-1.0761335322270678,0.3409111024794518,0.43187709283603193,0.5599032339093197,0.5599145570532951,2.0223394489482516e-05,1.7572806692774938e-05,4.036083083119868e-05,100000.0,10000000.0,1e-08,100000000.0,480,31,11,165292,21164,2877,6.247998570799052e-17,1.264721781252111e-14,2,42ea7877e84194059c00d9b0c56c2023ddad868c25049e9d1245c92b0ad95cc1,0.0001535057033814624,1.2721218523026323e-06,5.68333587303016e-07,0.0001375281076021473,7.208536830443705e-05,6.247998570799052e-17,3.1205617031219897e-14,0.0001535057033814624,-1.8125,True
2.3125612588924866,132.5,0.023713737056616554,1.4708641866258039,-0.7756553391694967,0.46040196267322925,0.3049882783266926,0.6477202704929161,0.6477312273120471,1.6915973808595552e-05,1.7402761872202005e-05,3.896063503266989e-05,100000.0,10000000.0,1e-08,100000000.0,480,31,11,165292,21164,2877,4.252301607146366e-17,1.4396066847837046e-13,2,42ea7877e84194059c00d9b0c56c2023ddad868c25049e9d1245c92b0ad95cc1,0.00017135490570097112,6.846786912984015e-07,5.403341711840426e-07,9.576963931534621e-05,6.015040258508628e-05,8.503214659524782e-17,1.4396066847837046e-13,0.00017135490570097112,-1.625,True
2.3125612588924866,132.5,0.042169650342858224,1.0503841385983408,-0.3551752911420336,0.701050544486792,0.041844724391713356,0.8305138393909421,0.8305244579360905,1.2785512588431303e-05,1.8235651626673756e-05,3.757229957272734e-05,100000.0,10000000.0,1e-08,100000000.0,480,31,11,165292,21164,2877,3.6995507645464353e-17,4.9853537280554826e-14,2,42ea7877e84194059c00d9b0c56c2023ddad868c25049e9d1245c92b0ad95cc1,0.00019347055140994662,1.8671841428563596e-07,5.130396905084211e-07,4.238919466170721e-05,4.523982357751077e-05,8.507578983541651e-17,4.9853537280554826e-14,0.00019347055140994662,-1.375,True
2.3125612588924866,132.5,0.07498942093324558,0.6668142134724447,0.02839463398386244,1.0288016043969956,-0.373740843956759,1.1217190500587269,1.1217299813267527,9.745103308533842e-06,2.1614554794508077e-05,3.843307338763369e-05,100000.0,10000000.0,1e-08,100000000.0,480,31,11,165292,21164,2877,3.961280223197539e-17,2.651504058787937e-17,2,42ea7877e84194059c00d9b0c56c2023ddad868c25049e9d1245c92b0ad95cc1,0.00020805349553643104,5.03484360869777e-08,5.080127974954607e-07,1.968863529322462e-06,3.4262655506850445e-05,1.1089778900391356e-16,8.625881110343206e-14,0.00020805349553643104,-1.125,True
2.3125612588924866,132.5,0.1333521432163324,0.3650659287535779,0.33014291870272927,1.3911669380307023,-0.9922796012315526,1.5628072994785664,1.562819744204583,7.963058542559409e-06,2.855419709508651e-05,4.35139606553836e-05,100000.0,10000000.0,1e-08,100000000.0,480,31,11,165292,21164,2877,5.4786235906963717e-17,3.511051381736083e-13,2,42ea7877e84194059c00d9b0c56c2023ddad868c25049e9d1245c92b0ad95cc1,0.00021105260388698532,9.262233779949725e-08,5.203747664994651e-07,2.0707389654428532e-05,2.784345880000824e-05,8.764374819077782e-17,3.511051381736083e-13,0.00021105260388698532,-0.875,True
2.3125612588924866,132.5,0.23713737056616552,0.1548962241855112,0.540312623270796,1.7165434097270769,-1.8599084103165306,2.2008047574086387,2.2008198801267644,6.871449216516723e-06,3.929205576431816e-05,5.2708864702655234e-05,100000.0,10000000.0,1e-08,100000000.0,480,31,11,165292,21164,2877,7.02702205718783e-17,9.52887032311147e-16,2,42ea7877e84194059c00d9b0c56c2023ddad868c25049e9d1245c92b0ad95cc1,0.00020244815909309377,1.5057066915513673e-07,5.293332602240852e-07,2.9827825976824762e-05,2.3949814051073685e-05,8.029584466729639e-17,9.52887032311147e-16,0.00020244815909309377,-0.625,True
2.3125612588924866,132.5,0.4216965034285822,0.02120198260664241,0.6740068648496648,1.9620833940444056,-3.0440056955481762,3.109942645424114,3.109960903870944,5.8709914978472e-06,5.4415489934163185e-05,6.349405825423204e-05,100000.0,10000000.0,1e-08,100000000.0,480,31,11,165292,21164,2877,7.069696102803822e-17,5.682598855954831e-18,2,42ea7877e84194059c00d9b0c56c2023ddad868c25049e9d1245c92b0ad95cc1,0.0001857148613513271,1.9714644206025866e-07,5.217675450586157e-07,3.2977765602404396e-05,2.041647242197714e-05,1.2369980864089605e-16,1.5876144092592405e-14,0.0001857148613513271,-0.375,True
2.3125612588924866,132.5,0.7498942093324559,-0.05902646203106743,0.7542353094873746,2.1259851809124046,-4.7143555169766405,4.451593690997252,4.45161514906058,4.82031039172881e-06,7.657011561401777e-05,7.439648230711526e-05,100000.0,10000000.0,1e-08,100000000.0,480,31,11,165292,21164,2877,2.7762566906944077e-16,3.887209214551891e-15,2,42ea7877e84194059c00d9b0c56c2023ddad868c25049e9d1245c92b0ad95cc1,0.00016566896957859178,2.4177163582272954e-07,5.000478846550749e-07,3.4897057394900344e-05,1.6712325398782936e-05,2.7762566906944077e-16,9.272236457063422e-15,0.00016566896957859178,-0.125,True
2.399827721492203,137.5,0.011547819846894581,2.018813812836809,-1.4109824013425356,0.24390355423858043,0.47406240237631964,0.46530818134113144,0.4653229169364214,3.1668463785550216e-05,2.1308805280330587e-05,5.256813983506303e-05,100000.0,10000000.0,1e-08,100000000.0,480,32,10,165292,21164,2877,5.913661932026155e-17,2.5579685666265175e-15,2,42ea7877e84194059c00d9b0c56c2023ddad868c25049e9d1245c92b0ad95cc1,0.00018559418100849712,1.2767068074737153e-05,5.346041906939547e-07,0.0002219539054419961,0.00011297488834937065,5.913661932026155e-17,2.5579685666265175e-15,0.0002219539054419961,-1.9375,True
2.399827721492203,137.5,0.01539926526059492,1.7871603934866445,-1.1793289819923707,0.30748499736202634,0.40381650063611835,0.5130040890998789,0.5130181736813592,2.745510567936371e-05,2.014577893204164e-05,5.0185864882368314e-05,100000.0,10000000.0,1e-08,100000000.0,480,32,10,165292,21164,2877,5.0391619404658355e-17,2.9801467097469734e-12,2,42ea7877e84194059c00d9b0c56c2023ddad868c25049e9d1245c92b0ad95cc1,0.00020296144735021393,9.34325618895393e-06,4.3517666914461017e-07,0.00017774234694578617,9.782741687385928e-05,5.0391619404658355e-17,2.9801467097469734e-12,0.00020296144735021393,-1.8125,True
2.399827721492203,137.5,0.023713737056616554,1.4207002726888973,-0.8128688611946238,0.44358365910227554,0.25756824900984054,0.6122369433316461,0.612249942614749,2.1232438264906506e-05,1.8492140705425903e-05,4.619389111826244e-05,100000.0,10000000.0,1e-08,100000000.0,480,32,10,165292,21164,2877,9.038569483434308e-17,1.0731180868410974e-12,2,42ea7877e84194059c00d9b0c56c2023ddad868c25049e9d1245c92b0ad95cc1,0.00022861691464948208,4.938166735080074e-06,2.891014743156006e-07,0.00011145393288924943,7.545100246137779e-05,9.038569483434308e-17,1.0731180868410974e-12,0.00022861691464948208,-1.625,True
2.399827721492203,137.5,0.042169650342858224,0.9467928661549235,-0.3389614546606498,0.7125099124962627,-0.043442892458048915,0.8164862363107522,0.8164979580939912,1.435637579372262e-05,1.818276875523314e-05,4.140739569299251e-05,100000.0,10000000.0,1e-08,100000000.0,480,32,10,165292,21164,2877,5.603766837056792e-17,2.275425094113605e-16,2,42ea7877e84194059c00d9b0c56c2023ddad868c25049e9d1245c92b0ad95cc1,0.00025623587884304744,1.270362677607828e-06,1.3297022338765174e-07,3.586347196327111e-05,5.0714138036287705e-05,5.603766837056792e-17,3.3854146178722434e-14,0.00025623587884304744,-1.375,True
2.399827721492203,137.5,0.07498942093324558,0.5482608585238792,0.05957055297039454,1.0613806418949747,-0.5134127196041869,1.1365247605654427,1.1365362794875797,1.0135214415729621e-05,2.3155025150773528e-05,4.0373528445991624e-05,100000.0,10000000.0,1e-08,100000000.0,480,32,10,165292,21164,2877,6.983504087034718e-17,1.2186590798021238e-12,2,42ea7877e84194059c00d9b0c56c2023ddad868c25049e9d1245c92b0ad95cc1,0.00026949353496685813,8.02658733922712e-08,4.5312632868110825e-08,1.2645670518618424e-05,3.552366815651691e-05,6.983504087034718e-17,1.2186590798021238e-12,0.00026949353496685813,-1.125,True
2.399827721492203,137.5,0.1333521432163324,0.2529048572099398,0.3549265542843339,1.426075911269167,-1.204814496822592,1.6126654127654458,1.612678629889469,8.195825320411743e-06,3.4238177771844134e-05,4.60637682950793e-05,100000.0,10000000.0,1e-08,100000000.0,480,32,10,165292,21164,2877,6.897653745835942e-17,2.5752200097127083e-13,2,42ea7877e84194059c00d9b0c56c2023ddad868c25049e9d1245c92b0ad95cc1,0.00026562072362068534,3.456612087671118e-07,1.233706159453618e-08,3.3914890205322124e-05,2.8563747898634348e-05,7.41119768056373e-17,2.5752200097127083e-13,0.00026562072362068534,-0.875,True
2.399827721492203,137.5,0.23713737056616552,0.052888843669920305,0.5549425678243534,1.7418409441862737,-2.1721588432135057,2.293457139318589,2.2934736015868293,7.17792713800236e-06,5.040176666945349e-05,5.724437509568858e-05,100000.0,10000000.0,1e-08,100000000.0,480,32,10,165292,21164,2877,1.2399404313358962e-16,5.449727419546703e-15,2,42ea7877e84194059c00d9b0c56c2023ddad868c25049e9d1245c92b0ad95cc1,0.00024758623435372495,3.679823387114922e-07,3.459799446936529e-09,3.924762667228965e-05,2.4959862608418532e-05,1.2399404313358962e-16,5.449727419546703e-15,0.00024758623435372495,-0.625,True
2.399827721492203,137.5,0.4216965034285822,-0.07618955596582122,0.684020967460095,1.9818306087755617,-3.5161496652644653,3.2672215092339507,3.2672415233926344,6.125742814555579e-06,7.166214454593865e-05,6.946883743941257e-05,100000.0,10000000.0,1e-08,100000000.0,480,32,10,165292,21164,2877,1.0133317337198833e-16,5.019889449682956e-17,2,42ea7877e84194059c00d9b0c56c2023ddad868c25049e9d1245c92b0ad95cc1,0.00022197335338636215,3.485479453946283e-07,2.73823035357168e-08,4.0179505623516576e-05,2.1262359237987685e-05,1.0133317337198833e-16,4.3386295844433235e-16,0.00022197335338636215,-0.375,True
2.399827721492203,137.5,0.7498942093324559,-0.15903466054591742,0.7668660720401912,2.153008296941586,-5.483080181901576,4.730730122703136,4.730753505837919,4.942817319220083e-06,0.00010094995505096682,8.088336250189343e-05,100000.0,10000000.0,1e-08,100000000.0,480,32,10,165292,21164,2877,2.317894198950831e-16,2.919695156102365e-16,2,42ea7877e84194059c00d9b0c56c2023ddad868c25049e9d1245c92b0ad95cc1,0.0001955270453257718,3.0800609240877463e-07,5.7971890177199725e-08,4.16278605626097e-05,1.7097437478779012e-05,2.317894198950831e-16,4.0805313400412712e-16,0.0001955270453257718,-0.125,True
2.4870941840919194,142.5,0.011547819846894581,2.0166813504259933,-1.5130101806352567,0.22024599887145607,0.43086915178829066,0.4237996021150137,0.42381822151779247,4.393445082495617e-05,2.773855884890651e-05,6.637635230438699e-05,100000.0,10000000.0,1e-08,100000000.0,480,33,9,165292,21164,2877,3.104059002617519e-17,4.1877494887995436e-17,2,42ea7877e84194059c00d9b0c56c2023ddad868c25049e9d1245c92b0ad95cc1,0.00026508191902241407,5.9738422063748686e-05,9.449240416792293e-07,0.0002871132939854526,0.00015662202600740836,4.232113201079624e-17,8.170423628736532e-14,0.0002871132939854526,-1.9375,True
2.4870941840919194,142.5,0.01539926526059492,1.72913480614594,-1.2254636363552036,0.2936215351420452,0.3488966873089428,0.47850779357680184,0.47852499551615024,3.5949130984480604e-05,2.575361958868729e-05,6.124298751686297e-05,100000.0,10000000.0,1e-08,100000000.0,480,33,9,165292,21164,2877,3.7212857023388017e-17,2.5787338677402375e-14,2,42ea7877e84194059c00d9b0c56c2023ddad868c25049e9d1245c92b0ad95cc1,0.0002904758627104709,4.183565047632953e-05,8.24723370040914e-07,0.0002144856203809553,0.00012798743999356261,5.724115806897712e-17,2.5787338677402375e-14,0.0002904758627104709,-1.8125,True
2.4870941840919194,142.5,0.023713737056616554,1.3024081205164526,-0.7987369507257164,0.44989684729598783,0.17887562154231693,0.5915040285189204,0.5915188960595271,2.5135146829002863e-05,2.295249850547841e-05,5.27620022767461e-05,100000.0,10000000.0,1e-08,100000000.0,480,33,9,165292,21164,2877,4.127948253735839e-17,5.355364139760267e-16,2,42ea7877e84194059c00d9b0c56c2023ddad868c25049e9d1245c92b0ad95cc1,0.0003243677780551124,2.0922385928212606e-05,6.732388186936333e-07,0.00011428315769501651,8.919973446141698e-05,5.4538945054898254e-17,6.3716192474568214e-15,0.0003243677780551124,-1.625,True
2.4870941840919194,142.5,0.042169650342858224,0.7949164469204016,-0.2912452771296653,0.7473323520019656,-0.16836237182456662,0.8209452649731535,0.8209573955425399,1.4776343690625637e-05,2.178405565929764e-05,4.271024148522207e-05,100000.0,10000000.0,1e-08,100000000.0,480,33,9,165292,21164,2877,9.393813747492818e-17,4.265196939917498e-12,2,42ea7877e84194059c00d9b0c56c2023ddad868c25049e9d1245c92b0ad95cc1,0.000353990554083472,5.847716679885373e-06,5.569973371422066e-07,1.441207781105458e-05,5.202568710426605e-05,9.393813747492818e-17,4.265196939917498e-12,0.000353990554083472,-1.375,True
2.4870941840919194,142.5,0.07498942093324558,0.39996957677424805,0.10370159301648829,1.1092693917891592,-0.7042555741888469,1.1736997774259221,1.1737111831948872,9.717790856234032e-06,2.6345418736220827e-05,3.9747658686195564e-05,100000.0,10000000.0,1e-08,100000000.0,480,33,9,165292,21164,2877,8.23416666426382e-17,2.9449012861682727e-16,2,42ea7877e84194059c00d9b0c56c2023ddad868c25049e9d1245c92b0ad95cc1,0.0003595784205152608,1.1694230970249464e-06,5.442157615664911e-07,3.750058508322773e-05,3.3865268998659436e-05,8.23416666426382e-17,4.1905380551318455e-15,0.0003595784205152608,-1.125,True
2.4870941840919194,142.5,0.1333521432163324,0.12084585084250832,0.382825318948228,1.4664218515829104,-1.484885234427983,1.6889930347834607,1.689006771330265,8.13298013757624e-06,3.63845351543055e-05,4.763849867361891e-05,100000.0,10000000.0,1e-08,100000000.0,480,33,9,165292,21164,2877,1.0129348643896562e-16,5.3693731411775586e-17,2,42ea7877e84194059c00d9b0c56c2023ddad868c25049e9d1245c92b0ad95cc1,0.00034196116172280355,3.5575429657708213e-07,5.842030981195734e-07,5.229891953162369e-05,2.820526650645807e-05,1.0129348643896562e-16,1.1787140039959294e-15,0.00034196116172280355,-0.875,True
2.4870941840919194,142.5,0.23713737056616552,-0.06636126866908909,0.5700324384598254,1.7683244122237864,-2.5804986504879177,2.4199103308662013,2.4199283080515093,7.428864234659827e-06,5.102055482181063e-05,6.232615659174101e-05,100000.0,10000000.0,1e-08,100000000.0,480,33,9,165292,21164,2877,9.118613945215632e-17,2.2773104371333915e-14,2,42ea7877e84194059c00d9b0c56c2023ddad868c25049e9d1245c92b0ad95cc1,0.0003088773017920765,2.747498639710244e-07,6.134284047387695e-07,5.133384518596351e-05,2.5755564492107236e-05,1.002884911035968e-16,2.2773104371333915e-14,0.0003088773017920765,-0.625,True
2.4870941840919194,142.5,0.4216965034285822,-0.19151247094339752,0.6951836407341339,2.0040770703350343,-4.141381104778121,3.475734585890756,3.475756736312986,6.372875052118587e-06,7.139271267283222e-05,7.670118894775868e-05,100000.0,10000000.0,1e-08,100000000.0,480,33,9,165292,21164,2877,6.480514712768303e-17,1.9174547311544826e-13,2,42ea7877e84194059c00d9b0c56c2023ddad868c25049e9d1245c92b0ad95cc1,0.0002707912502033505,2.933582423647607e-07,6.067768134609963e-07,4.944717730803738e-05,2.2067619679338032e-05,7.559381862851357e-17,2.110430546530747e-13,0.0002707912502033505,-0.375,True
2.4870941840919194,142.5,0.7498942093324559,-0.2779260471753977,0.781597216966134,2.1849593340730284,-6.514543325397014,5.097746727829925,5.0977725400220395,5.0634512642755425e-06,0.00010248751607897638,8.902051578729697e-05,100000.0,10000000.0,1e-08,100000000.0,480,33,9,165292,21164,2877,1.5156673071360534e-16,4.4143672863852724e-17,2,42ea7877e84194059c00d9b0c56c2023ddad868c25049e9d1245c92b0ad95cc1,0.00023610239685911694,3.404874162615812e-07,5.788295331932147e-07,5.0394984279833466e-05,1.7462718440151375e-05,2.706252683399072e-16,3.766775304026812e-14,0.00023610239685911694,-0.125,True
2.552544031041707,146.25,0.011547819846894581,1.94788536507399,-1.5356456108898122,0.21531663552200112,0.380324280557184,0.40123446839744875,0.40125660815627373,5.51791049094863e-05,3.170658279182744e-05,7.884485923626006e-05,100000.0,10000000.0,1e-08,100000000.0,480,34,8,165292,21164,2877,6.891399405508461e-17,3.9386464059412735e-12,2,42ea7877e84194059c00d9b0c56c2023ddad868c25049e9d1245c92b0ad95cc1,0.00042965995704236093,0.00015710605366114905,6.845601339122709e-07,0.0003311943922397198,0.00019650569790569217,6.891399405508461e-17,5.787760157276388e-12,0.00042965995704236093,-1.9375,True
2.552544031041707,146.25,0.01539926526059492,1.6220177627083328,-1.209778008524155,0.2982634840321978,0.2875587306221302,0.4622998696533494,0.462319841112969,4.320022766735043e-05,2.838696209404165e-05,7.101247343110906e-05,100000.0,10000000.0,1e-08,100000000.0,480,34,8,165292,21164,2877,3.795811898310969e-17,2.453227370260933e-16,2,42ea7877e84194059c00d9b0c56c2023ddad868c25049e9d1245c92b0ad95cc1,0.000467493506161043,0.00010407527726274957,4.497977033057765e-07,0.0002306750007501357,0.00015360695101289344,6.539398086844144e-17,2.690885763553993e-11,0.000467493506161043,-1.8125,True
2.552544031041707,146.25,0.023713737056616554,1.1628052995209983,-0.7505655453368205,0.4720994835668234,0.09566245472858183,0.5875880884101286,0.5876046296350673,2.815105558640063e-05,2.387380244673222e-05,5.8581128708046215e-05,100000.0,10000000.0,1e-08,100000000.0,480,34,8,165292,21164,2877,4.351737932148596e-17,2.823289620713826e-17,2,42ea7877e84194059c00d9b0c56c2023ddad868c25049e9d1245c92b0ad95cc1,0.0005131821565615979,4.719432422417569e-05,1.6536043356829566e-07,0.00010164712206961468,9.969761107062706e-05,4.351737932148596e-17,4.088266431451476e-17,0.0005131821565615979,-1.625,True
2.552544031041707,146.25,0.042169650342858224,0.6496227109173269,-0.23738295673314913,0.7886891963391804,-0.29394563701935905,0.8389403256955997,0.8389532820879132,1.5443759128874746e-05,2.311206375043619e-05,4.54300480541292e-05,100000.0,10000000.0,1e-08,100000000.0,480,34,8,165292,21164,2877,3.885434989526905e-17,2.387809413069613e-17,2,42ea7877e84194059c00d9b0c56c2023ddad868c25049e9d1245c92b0ad95cc1,0.0005441504015519794,1.102330689883857e-05,4.114074814154378e-08,1.2565512781725907e-05,5.415170383717256e-05,5.179727769133897e-17,2.6928523695695738e-12,0.0005441504015519794,-1.375,True
2.552544031041707,146.25,0.07498942093324558,0.27007346140196997,0.14216629278220783,1.1527683296517492,-0.8900093945649069,1.2193136535004578,1.2193264665414754,1.0508404445941366e-05,3.2079267695514175e-05,4.4455664886866586e-05,100000.0,10000000.0,1e-08,100000000.0,480,34,8,165292,21164,2877,6.888964651777591e-17,1.4545942327085112e-13,2,42ea7877e84194059c00d9b0c56c2023ddad868c25049e9d1245c92b0ad95cc1,0.0005365724000159222,1.3140534613764743e-06,7.235933174865039e-08,6.033691972273658e-05,3.645958097757813e-05,6.888964651777591e-17,1.4545942327085112e-13,0.0005365724000159222,-1.125,True
2.552544031041707,146.25,0.1333521432163324,0.008057793523173928,0.40418196066100387,1.498076513151792,-1.753405033676946,1.7676483793392348,1.7676653581256383,9.605296280579267e-06,4.8412390727738043e-05,5.8815301364312234e-05,100000.0,10000000.0,1e-08,100000000.0,480,34,8,165292,21164,2877,3.792582592171347e-17,8.298786648874818e-15,2,42ea7877e84194059c00d9b0c56c2023ddad868c25049e9d1245c92b0ad95cc1,0.0004968620297151061,2.3050383624045878e-07,2.6297737876213034e-08,6.589214223839956e-05,3.327319055744446e-05,6.92445185650107e-17,1.1459637593350784e-11,0.0004968620297151061,-0.875,True
2.552544031041707,146.25,0.23713737056616552,-0.16913331945279042,0.5813730736369682,1.788492477441799,-2.9738128243432156,2.543604544377454,2.543627720400358,9.111488244117893e-06,7.05274689990355e-05,8.041088041199629e-05,100000.0,10000000.0,1e-08,100000000.0,480,34,8,165292,21164,2877,7.786148828687516e-17,6.480592182685589e-16,2,42ea7877e84194059c00d9b0c56c2023ddad868c25049e9d1245c92b0ad95cc1,0.00043969535934262893,4.13329161119691e-07,9.189278227239583e-10,5.8962092365000274e-05,3.16129645977169e-05,9.341855317035176e-17,6.887186543824487e-14,0.00043969535934262893,-0.625,True
2.552544031041707,146.25,0.4216965034285822,-0.2923907353031423,0.7046304894873201,2.0230989904452086,-4.753482463929056,3.678053652105516,3.6780825919344635,7.868245459397016e-06,9.983022093893503e-05,0.00010035043550704614,100000.0,10000000.0,1e-08,100000000.0,480,34,8,165292,21164,2877,8.322906423415572e-17,5.572233507197066e-16,2,42ea7877e84194059c00d9b0c56c2023ddad868c25049e9d1245c92b0ad95cc1,0.0003810294336887843,4.106616151577924e-07,1.5336709013880068e-08,5.519087543692791e-05,2.7283570333347406e-05,8.322906423415572e-17,1.819669548441536e-15,0.0003810294336887843,-0.375,True
2.552544031041707,146.25,0.7498942093324559,-0.3820599562926901,0.7942997104768679,2.21289078983462,-7.536621940768613,5.453180165197204,5.453214540453031,6.303708072197267e-06,0.00014292253510260892,0.00011878746665239248,100000.0,10000000.0,1e-08,100000000.0,480,34,8,165292,21164,2877,7.520882801210777e-17,1.4331946404798993e-18,2,42ea7877e84194059c00d9b0c56c2023ddad868c25049e9d1245c92b0ad95cc1,0.00033156515244980866,3.602544142999875e-07,5.2186175381052635e-08,5.616515313278114e-05,2.1783154609581243e-05,1.2220084734114512e-16,1.2074387880807485e-15,0.00033156515244980866,-0.125,True
2.5961772623415653,148.75,0.011547819846894581,1.8615575685358103,-1.5178459419698642,0.2191835128209746,0.3368559899176403,0.3909848885549417,0.39100756859730323,5.8007465315146334e-05,3.240593868410388e-05,8.07492186809533e-05,100000.0,10000000.0,1e-08,100000000.0,480,34,8,165292,21164,2877,1.0850016016648283e-16,2.0526276547931699e-13,2,42ea7877e84194059c00d9b0c56c2023ddad868c25049e9d1245c92b0ad95cc1,0.0004211715825728213,0.0002779979778098074,7.173875822275022e-07,0.00033874984490189775,0.00020652772279613647,1.0850016016648283e-16,2.0526276547931699e-13,0.0004211715825728213,-1.9375,True
2.5961772623415653,148.75,0.01539926526059492,1.515542082970775,-1.1718304564048292,0.309799347746075,0.2355780971883337,0.4569522158711688,0.4569715794069641,4.237540627394232e-05,2.7330585167325373e-05,6.882273325531374e-05,100000.0,10000000.0,1e-08,100000000.0,480,34,8,165292,21164,2877,5.525186888235378e-17,1.6024994582939748e-13,2,42ea7877e84194059c00d9b0c56c2023ddad868c25049e9d1245c92b0ad95cc1,0.0004525215649211489,0.00017699732227360876,4.34144379113377e-07,0.00021650517799831626,0.00015061253860888888,5.525186888235378e-17,1.8693764551077585e-13,0.0004525215649211489,-1.8125,True
2.5961772623415653,148.75,0.023713737056616554,1.044664810585044,-0.7009531840190981,0.4961121921327735,0.026423746390413054,0.5916009951525681,0.5916150953087539,2.3833895313352116e-05,2.000293200830081e-05,4.9853493264903626e-05,100000.0,10000000.0,1e-08,100000000.0,480,34,8,165292,21164,2877,7.849024941073343e-17,8.203911748692551e-16,2,42ea7877e84194059c00d9b0c56c2023ddad868c25049e9d1245c92b0ad95cc1,0.0004871133785986359,7.532258918629964e-05,1.1114581877080809e-07,6.78617873210996e-05,8.426877857439522e-05,7.849024941073343e-17,4.719280843227448e-14,0.0004871133785986359,-1.625,True
2.5961772623415653,148.75,0.042169650342858224,0.5385752532892795,-0.19486362672333346,0.822946878366244,-0.39649912230454903,0.8592931461327211,0.8593015291318694,9.755691856794257e-06,1.7143837974890078e-05,2.9096051736843265e-05,100000.0,10000000.0,1e-08,100000000.0,480,34,8,165292,21164,2877,9.429026704983068e-17,1.4839234819057241e-16,2,42ea7877e84194059c00d9b0c56c2023ddad868c25049e9d1245c92b0ad95cc1,0.0005039656983506502,1.635884222150885e-05,9.68417648294917e-08,5.178957510221238e-05,3.386044898390155e-05,9.429026704983068e-17,5.807930689528977e-15,0.0005039656983506502,-1.375,True
2.5961772623415653,148.75,0.07498942093324558,0.17471522612585633,0.16899640044008968,1.1841158766202595,-1.0397455262084614,1.259862727537759,1.2598698392070138,5.644796928550022e-06,2.542114169853177e-05,2.410222764481773e-05,100000.0,10000000.0,1e-08,100000000.0,480,34,8,165292,21164,2877,1.08721075932897e-16,2.133174093200241e-17,2,42ea7877e84194059c00d9b0c56c2023ddad868c25049e9d1245c92b0ad95cc1,0.0004867093426786928,2.165718547941786e-06,1.0018321305871325e-07,9.161012313607664e-05,1.913083633478265e-05,1.08721075932897e-16,5.751572555941611e-16,0.0004867093426786928,-1.125,True
2.5961772623415653,148.75,0.1333521432163324,-0.0744476713960136,0.4181592979619596,1.5191626546430184,-1.9690809473002213,1.832644808789826,1.8326557477382643,5.96894083670918e-06,3.9032154007745096e-05,3.727119075969121e-05,100000.0,10000000.0,1e-08,100000000.0,480,34,8,165292,21164,2877,8.15496734653856e-17,7.985897018183307e-18,2,42ea7877e84194059c00d9b0c56c2023ddad868c25049e9d1245c92b0ad95cc1,0.0004434906723715937,8.334381895735987e-08,2.6556704169067302e-08,8.730480708463162e-05,2.033737829661765e-05,8.15496734653856e-17,1.226775288764878e-14,0.0004434906723715937,-0.875,True
2.5961772623415653,148.75,0.23713737056616552,-0.24533143473768337,0.5890430613036294,1.8022629347966101,-3.2924562909099215,2.6438393820866204,2.6438559850390275,6.2798642457284615e-06,5.702113749433622e-05,5.698388054620196e-05,100000.0,10000000.0,1e-08,100000000.0,480,34,8,165292,21164,2877,6.913293003374585e-17,1.485655131147605e-17,2,42ea7877e84194059c00d9b0c56c2023ddad868c25049e9d1245c92b0ad95cc1,0.00038826272719383326,1.759978238702331e-07,1.5787827045699032e-08,7.430736706792729e-05,2.15534577978894e-05,7.899627491276811e-17,2.2333023270935438e-13,0.00038826272719383326,-0.625,True
2.5961772623415653,148.75,0.4216965034285822,-0.3680066800084134,0.7117183065743594,2.0374892836776946,-5.256155628938113,3.8422002653567353,3.842221264001538,5.465265564552624e-06,8.080088958559765e-05,7.204163297114263e-05,100000.0,10000000.0,1e-08,100000000.0,480,34,8,165292,21164,2877,1.1085847852735595e-16,6.474863068070549e-15,2,42ea7877e84194059c00d9b0c56c2023ddad868c25049e9d1245c92b0ad95cc1,0.00033464594034460227,1.9721419608487167e-07,8.019328534558667e-09,6.7973163421442e-05,1.8750098380010862e-05,1.1085847852735595e-16,6.474863068070549e-15,0.00033464594034460227,-0.375,True
2.5961772623415653,148.75,0.7498942093324559,-0.46003363721652657,0.8037452637824726,2.2338917946652104,-8.383075956577493,5.74170056284413,5.741724364265434,4.145360950724708e-06,0.00011612938954327069,8.105146394044027e-05,100000.0,10000000.0,1e-08,100000000.0,480,34,8,165292,21164,2877,3.025841343615117e-16,8.892747540681989e-15,2,42ea7877e84194059c00d9b0c56c2023ddad868c25049e9d1245c92b0ad95cc1,0.0002908926354801,1.5736761138640531e-07,2.277437438635843e-08,6.803836820323816e-05,1.4116281936564754e-05,3.025841343615117e-16,1.3404136869454438e-13,0.0002908926354801,-0.125,True
